claim_id,tanggal,faskes_id,dokter_raw,dokter_id,pasien_raw,pasien_id,biaya_rp,los_hari,layanan,diagnosis_raw,diagnosis_code,prosedur_raw,prosedur_code,obat,rujukan,alasan_berobat,narasi_rekam_medis,umpan_balik_pasien,sentimen,skor_sentimen,kontradiksi_narasi,risiko,skor_fraud,status,sindikat,modus,sinyal_shap,kontribusi_saluran,alasan,is_fraud
KLM001,2026-02-16,RS_A,"D01 (dr. Adnan Prakoso, Sp.BTKV)",D01,P01 (Agus Raharjo),P01,52300000,2,rawat inap,"K29.7 - Gastritis, tanpa perdarahan",K29.7,00.66 - Angioplasti koroner + stent (PCI),00.66,M04 x 3 vial; M08 x 10 tablet,"Puskesmas Sehat Sentosa, Jakarta Selatan · RJ-2026-300 · 2026-02-15","Nyeri ulu hati sejak 3 hari, terasa setelah makan dan minum kopi.",Pasien nyeri epigastrium; hasil endoskopi gastritis superfisialis. Selama rawat dicatat tindakan kateterisasi jantung dan pemasangan stent koroner.,"Saya hanya periksa lambung, kenapa ada tagihan tindakan jantung?",negatif,-0.75,1,fraud,0.94,escalate,SYND-01,upcoding,inkonsistensi diagnosis-prosedur (K29.7 gastritis -> 00.66 PCI); biaya & LOS identik antar-pasien; subgraf padat P-D-RS_A,T 0.31 · F 0.32 · S 0.31,"FRAUD (Upcoding): diagnosis primer gastritis ringan (K29.7) ditagih sebagai tindakan PCI dengan stent (00.66, Rp58 jt) — tidak mungkin secara klinis tanpa indikasi kardiologis, dan tidak ada satu pun obat kardiovaskular pada dispensing. Biaya & LOS identik pada 3 pasien berbeda menandakan pola terorganisir (sindikat), bukan kesalahan input.",1
KLM002,2026-02-17,RS_A,"D02 (dr. Barli Soemarno, Sp.B)",D02,P02 (Bunga Lestari),P02,52300000,2,rawat inap,"K29.7 - Gastritis, tanpa perdarahan",K29.7,00.66 - Angioplasti koroner + stent (PCI),00.66,M04 x 3 vial; M08 x 10 tablet,"Puskesmas Sehat Sentosa, Jakarta Selatan · RJ-2026-301 · 2026-02-16","Nyeri ulu hati sejak 3 hari, terasa setelah makan dan minum kopi.",Pasien nyeri epigastrium; hasil endoskopi gastritis superfisialis. Selama rawat dicatat tindakan kateterisasi jantung dan pemasangan stent koroner.,"Katanya hanya endoskopi, tapi muncul tindakan kateter jantung di tagihan.",negatif,-0.8,1,fraud,0.95,escalate,SYND-01,upcoding,inkonsistensi diagnosis-prosedur (K29.7 gastritis -> 00.66 PCI); biaya & LOS identik antar-pasien; subgraf padat P-D-RS_A,T 0.31 · F 0.32 · S 0.31,"FRAUD (Upcoding): diagnosis primer gastritis ringan (K29.7) ditagih sebagai tindakan PCI dengan stent (00.66, Rp58 jt) — tidak mungkin secara klinis tanpa indikasi kardiologis, dan tidak ada satu pun obat kardiovaskular pada dispensing. Biaya & LOS identik pada 3 pasien berbeda menandakan pola terorganisir (sindikat), bukan kesalahan input.",1
KLM003,2026-02-18,RS_A,"D01 (dr. Adnan Prakoso, Sp.BTKV)",D01,P03 (Candra Wijaya),P03,52300000,2,rawat inap,"K29.7 - Gastritis, tanpa perdarahan",K29.7,00.66 - Angioplasti koroner + stent (PCI),00.66,M04 x 3 vial; M08 x 10 tablet,"Puskesmas Sehat Sentosa, Jakarta Selatan · RJ-2026-302 · 2026-02-17","Nyeri ulu hati sejak 3 hari, terasa setelah makan dan minum kopi.",Pasien nyeri epigastrium; hasil endoskopi gastritis superfisialis. Selama rawat dicatat tindakan kateterisasi jantung dan pemasangan stent koroner.,"Saya tidak pernah sakit dada, kok dibilang dipasang stent?",negatif,-0.78,1,fraud,0.93,escalate,SYND-01,upcoding,inkonsistensi diagnosis-prosedur (K29.7 gastritis -> 00.66 PCI); biaya & LOS identik antar-pasien; subgraf padat P-D-RS_A,T 0.31 · F 0.32 · S 0.31,"FRAUD (Upcoding): diagnosis primer gastritis ringan (K29.7) ditagih sebagai tindakan PCI dengan stent (00.66, Rp58 jt) — tidak mungkin secara klinis tanpa indikasi kardiologis, dan tidak ada satu pun obat kardiovaskular pada dispensing. Biaya & LOS identik pada 3 pasien berbeda menandakan pola terorganisir (sindikat), bukan kesalahan input.",1
KLM004,2026-03-12,RS_C,"D05 (dr. Endra Kusuma, Sp.OT)",D05,P08 (Maryam Yusuf),P08,44750000,1,rawat inap,"S72.0 - Fraktur kolum femur, tertutup",S72.0,81.52 - Hemiarthroplasty panggul,81.52,—,"Puskesmas Sehat Medan, Medan · RJ-2026-2204 · 2026-03-12","Terjatuh di kamar mandi, tidak dapat berdiri, nyeri hebat pada panggul.","Fraktur kolum femur; dilakukan hemiarthroplasty. Toleransi oral baik, pasien pulang dalam kondisi stabil.",Saya tidak pernah menjalani operasi apa pun di rumah sakit ini.,negatif,-0.9,1,fraud,0.92,escalate,SYND-02,phantom_billing,3 klaim tanggal & biaya identik; LOS 1 hari untuk hemiarthroplasty mayor; tanpa MedicationDispense (layanan tak terverifikasi),T 0.32 · F 0.35 · S 0.26,"FRAUD (Phantom Billing): klaim hemiarthroplasty dengan tanggal & biaya identik untuk 3 pasien pada hari yang sama, LOS hanya 1 hari untuk bedah mayor, tanpa MedicationDispense maupun resume medis di SATUSEHAT — indikasi kuat layanan tidak pernah diberikan (klaim fiktif).",1
KLM005,2026-03-12,RS_C,"D05 (dr. Endra Kusuma, Sp.OT)",D05,P09 (Idrus Hakim),P09,44750000,1,rawat inap,"S72.0 - Fraktur kolum femur, tertutup",S72.0,81.52 - Hemiarthroplasty panggul,81.52,—,"Puskesmas Sehat Medan, Medan · RJ-2026-2205 · 2026-03-12","Terjatuh di kamar mandi, tidak dapat berdiri, nyeri hebat pada panggul.","Fraktur kolum femur; dilakukan hemiarthroplasty. Toleransi oral baik, pasien pulang dalam kondisi stabil.",Tidak ada operasi yang pernah saya jalani bulan Maret ini.,negatif,-0.85,1,fraud,0.94,escalate,SYND-02,phantom_billing,3 klaim tanggal & biaya identik; LOS 1 hari untuk hemiarthroplasty mayor; tanpa MedicationDispense (layanan tak terverifikasi),T 0.32 · F 0.35 · S 0.26,"FRAUD (Phantom Billing): klaim hemiarthroplasty dengan tanggal & biaya identik untuk 3 pasien pada hari yang sama, LOS hanya 1 hari untuk bedah mayor, tanpa MedicationDispense maupun resume medis di SATUSEHAT — indikasi kuat layanan tidak pernah diberikan (klaim fiktif).",1
KLM006,2026-03-12,RS_C,"D05 (dr. Endra Kusuma, Sp.OT)",D05,P10 (Kartini Ibrahim),P10,44750000,1,rawat inap,"S72.0 - Fraktur kolum femur, tertutup",S72.0,81.52 - Hemiarthroplasty panggul,81.52,—,"Puskesmas Sehat Medan, Medan · RJ-2026-2206 · 2026-03-12","Terjatuh di kamar mandi, tidak dapat berdiri, nyeri hebat pada panggul.","Fraktur kolum femur; dilakukan hemiarthroplasty. Toleransi oral baik, pasien pulang dalam kondisi stabil.","Saya hanya kontrol nyeri pinggang, tidak pernah dioperasi.",negatif,-0.88,1,fraud,0.93,escalate,SYND-02,phantom_billing,3 klaim tanggal & biaya identik; LOS 1 hari untuk hemiarthroplasty mayor; tanpa MedicationDispense (layanan tak terverifikasi),T 0.32 · F 0.35 · S 0.26,"FRAUD (Phantom Billing): klaim hemiarthroplasty dengan tanggal & biaya identik untuk 3 pasien pada hari yang sama, LOS hanya 1 hari untuk bedah mayor, tanpa MedicationDispense maupun resume medis di SATUSEHAT — indikasi kuat layanan tidak pernah diberikan (klaim fiktif).",1
KLM007,2026-04-18,RS_B,"D07 (dr. Gunawan Halim, Sp.B)",D07,P12 (Maya Sari),P12,15500000,4,rawat inap,"K80.2 - Kolelitiasis, tanpa kolesistitis",K80.2,51.23 - Kolesistektomi laparoskopik,51.23,M03 x 6 vial; M04 x 7 vial,"Puskesmas Harapan Ibu, Surabaya · RJ-2026-306 · 2026-04-17","Nyeri perut kanan atas berulang, terasa setelah makan berlemak.","Kolelitiasis; dilakukan kolesistektomi laparoskopik. Toleransi oral baik, pasien pulang dengan kontrol poliklinik.",Kenapa ada dua tagihan untuk satu operasi yang sama?,negatif,-0.5,0,fraud,0.85,escalate,SYND-03,unbundling,paket kolesistektomi dipecah menjadi 2 klaim tanggal sama; total biaya > paket INA-CBG; pola identik pada 3 pasien berbeda,T 0.29 · F 0.3 · S 0.26,"FRAUD (Unbundling): paket kolesistektomi (51.23) dipecah dengan menagih intubasi (96.04) secara terpisah pada tanggal yang sama, sehingga total tagihan melampaui nilai paket INA-CBG; pola identik pada 3 pasien menandakan fragmentasi sistematis, bukan kesalahan coding.",1
KLM008,2026-04-18,RS_B,"D07 (dr. Gunawan Halim, Sp.B)",D07,P12 (Maya Sari),P12,2100000,0,rawat inap,"K80.2 - Kolelitiasis, tanpa kolesistitis",K80.2,96.04 - Pemasangan pipa endotrakeal (intubasi),96.04,M08 x 6 tablet,"Puskesmas Harapan Ibu, Surabaya · RJ-2026-307 · 2026-04-17","Nyeri perut kanan atas berulang, terasa setelah makan berlemak.","Kolelitiasis; dilakukan kolesistektomi laparoskopik. Toleransi oral baik, pasien pulang dengan kontrol poliklinik.",Muncul tagihan kedua untuk tindakan yang tidak saya ketahui.,negatif,-0.55,0,fraud,0.85,escalate,SYND-03,unbundling,klaim pecahan dari paket operasi (unbundling); LOS 0 padat kunjungan bedah mayor,T 0.29 · F 0.3 · S 0.26,FRAUD (Unbundling — klaim pecahan): baris intubasi (96.04) seharusnya tergabung dalam paket bedah kolesistektomi pada tanggal yang sama; menagihnya terpisah menghasilkan pembayaran ganda untuk komponen yang sudah termasuk paket.,1
KLM009,2026-04-19,RS_B,"D07 (dr. Gunawan Halim, Sp.B)",D07,P13 (Nadia Rahmawati),P13,15500000,4,rawat inap,"K80.2 - Kolelitiasis, tanpa kolesistitis",K80.2,51.23 - Kolesistektomi laparoskopik,51.23,M03 x 6 vial; M04 x 7 vial,"Puskesmas Harapan Ibu, Surabaya · RJ-2026-308 · 2026-04-18","Nyeri perut kanan atas berulang, terasa setelah makan berlemak.","Kolelitiasis; dilakukan kolesistektomi laparoskopik. Toleransi oral baik, pasien pulang dengan kontrol poliklinik.",Kenapa ada dua tagihan untuk satu operasi yang sama?,negatif,-0.5,0,fraud,0.86,escalate,SYND-03,unbundling,paket kolesistektomi dipecah menjadi 2 klaim tanggal sama; total biaya > paket INA-CBG; pola identik pada 3 pasien berbeda,T 0.29 · F 0.3 · S 0.26,"FRAUD (Unbundling): paket kolesistektomi (51.23) dipecah dengan menagih intubasi (96.04) secara terpisah pada tanggal yang sama, sehingga total tagihan melampaui nilai paket INA-CBG; pola identik pada 3 pasien menandakan fragmentasi sistematis, bukan kesalahan coding.",1
KLM010,2026-04-19,RS_B,"D07 (dr. Gunawan Halim, Sp.B)",D07,P13 (Nadia Rahmawati),P13,2100000,0,rawat inap,"K80.2 - Kolelitiasis, tanpa kolesistitis",K80.2,96.04 - Pemasangan pipa endotrakeal (intubasi),96.04,M08 x 6 tablet,"Puskesmas Harapan Ibu, Surabaya · RJ-2026-309 · 2026-04-18","Nyeri perut kanan atas berulang, terasa setelah makan berlemak.","Kolelitiasis; dilakukan kolesistektomi laparoskopik. Toleransi oral baik, pasien pulang dengan kontrol poliklinik.",Muncul tagihan kedua untuk tindakan yang tidak saya ketahui.,negatif,-0.55,0,fraud,0.86,escalate,SYND-03,unbundling,klaim pecahan dari paket operasi (unbundling); LOS 0 padat kunjungan bedah mayor,T 0.29 · F 0.3 · S 0.26,FRAUD (Unbundling — klaim pecahan): baris intubasi (96.04) seharusnya tergabung dalam paket bedah kolesistektomi pada tanggal yang sama; menagihnya terpisah menghasilkan pembayaran ganda untuk komponen yang sudah termasuk paket.,1
KLM011,2026-04-20,RS_B,"D07 (dr. Gunawan Halim, Sp.B)",D07,P14 (Odi Setiawan),P14,15500000,4,rawat inap,"K80.2 - Kolelitiasis, tanpa kolesistitis",K80.2,51.23 - Kolesistektomi laparoskopik,51.23,M03 x 6 vial; M04 x 7 vial,"Puskesmas Harapan Ibu, Surabaya · RJ-2026-310 · 2026-04-19","Nyeri perut kanan atas berulang, terasa setelah makan berlemak.","Kolelitiasis; dilakukan kolesistektomi laparoskopik. Toleransi oral baik, pasien pulang dengan kontrol poliklinik.",Kenapa ada dua tagihan untuk satu operasi yang sama?,negatif,-0.5,0,fraud,0.87,escalate,SYND-03,unbundling,paket kolesistektomi dipecah menjadi 2 klaim tanggal sama; total biaya > paket INA-CBG; pola identik pada 3 pasien berbeda,T 0.29 · F 0.3 · S 0.26,"FRAUD (Unbundling): paket kolesistektomi (51.23) dipecah dengan menagih intubasi (96.04) secara terpisah pada tanggal yang sama, sehingga total tagihan melampaui nilai paket INA-CBG; pola identik pada 3 pasien menandakan fragmentasi sistematis, bukan kesalahan coding.",1
KLM012,2026-04-20,RS_B,"D07 (dr. Gunawan Halim, Sp.B)",D07,P14 (Odi Setiawan),P14,2100000,0,rawat inap,"K80.2 - Kolelitiasis, tanpa kolesistitis",K80.2,96.04 - Pemasangan pipa endotrakeal (intubasi),96.04,M08 x 6 tablet,"Puskesmas Harapan Ibu, Surabaya · RJ-2026-311 · 2026-04-19","Nyeri perut kanan atas berulang, terasa setelah makan berlemak.","Kolelitiasis; dilakukan kolesistektomi laparoskopik. Toleransi oral baik, pasien pulang dengan kontrol poliklinik.",Muncul tagihan kedua untuk tindakan yang tidak saya ketahui.,negatif,-0.55,0,fraud,0.87,escalate,SYND-03,unbundling,klaim pecahan dari paket operasi (unbundling); LOS 0 padat kunjungan bedah mayor,T 0.29 · F 0.3 · S 0.26,FRAUD (Unbundling — klaim pecahan): baris intubasi (96.04) seharusnya tergabung dalam paket bedah kolesistektomi pada tanggal yang sama; menagihnya terpisah menghasilkan pembayaran ganda untuk komponen yang sudah termasuk paket.,1
KLM013,2026-05-04,RS_E,"D09 (dr. Indah Pratiwi, Sp.PD)",D09,P16 (Ratna Dewi),P16,9450000,0,rawat jalan,"E11.9 - Diabetes melitus tipe 2, tanpa komplikasi",E11.9,—,—,M09 x 30 pen; M01 x 120 tablet,kunjungan langsung (tanpa rujukan),Kontrol rutin diabetes; sesekali sering haus dan kesemutan.,Kontrol DM; diberikan insulin glargin dalam jumlah besar karena pasien mengeluh sulit transportasi ke fasilitas kesehatan.,"Obat diberikan sekaligus sangat banyak, padahal biasanya cukup untuk satu bulan.",negatif,-0.3,0,fraud,0.88,escalate,SYND-04,drug_diversion,qty insulin 30 pen (dosis rasional 1-2 pen/bulan); refill mingguan di faskes sama; biaya obat rawat jalan outlier,T 0.23 · F 0.34 · S 0.31,FRAUD (Drug Diversion): 30 pen insulin dalam satu episode — lebih dari 15x kebutuhan klinis bulanan (1-2 pen) — dengan pola refill mingguan di faskes yang sama. Volume yang mustahil dikonsumsi menandakan obat dialihkan/dijual.,1
KLM014,2026-05-11,RS_E,"D09 (dr. Indah Pratiwi, Sp.PD)",D09,P17 (Slamet Riyadi),P17,7680000,0,rawat jalan,"E11.9 - Diabetes melitus tipe 2, tanpa komplikasi",E11.9,—,—,M09 x 24 pen; M01 x 90 tablet,kunjungan langsung (tanpa rujukan),Kontrol rutin diabetes; sesekali sering haus dan kesemutan.,Kontrol DM; diberikan insulin glargin dalam jumlah besar karena pasien mengeluh sulit transportasi ke fasilitas kesehatan.,Setiap kontrol selalu diminta mengambil obat dalam jumlah banyak.,negatif,-0.35,0,fraud,0.86,escalate,SYND-04,drug_diversion,qty insulin 24 pen per episode; pola mirip pasien P16 (dokter & faskes sama),T 0.22 · F 0.33 · S 0.31,FRAUD (Drug Diversion): 24 pen insulin per episode mengikuti pola pasien P16 pada dokter & faskes yang sama; volume jauh di atas kebutuhan klinis menandakan diversion terorganisir.,1
KLM015,2026-01-22,RS_A,"D03 (dr. Citra Ayuningtyas, Sp.PD)",D03,P18 (Tarmizi Karim),P18,8900000,14,rawat inap,"J18.9 - Pneumonia, organisme tidak spesifik",J18.9,—,—,M03 x 18 vial; M05 x 14 nebules,"Puskesmas Sehat Sentosa, Jakarta Selatan · RJ-2026-314 · 2026-01-21","Demam dan batuk berdahak 4 hari, sesak napas saat beraktivitas.",Pneumonia membaik klinis sejak hari ke-5; perawatan lanjutan hanya observasi tanpa perubahan terapi.,Dirawat lama sekali tanpa penjelasan tambahan dari dokter.,negatif,-0.45,0,high,0.74,review,none,prolonged_stay,LOS 14 hari (median pneumonia: 5 hari); biaya/hari meningkat setelah hari ke-6,T 0.2 · F 0.32 · S 0.22,"ANOMALI TINGGI (belum tentu fraud): LOS 14 hari vs median pneumonia 5 hari, dengan biaya/hari meningkat setelah hari ke-6. Perpanjangan rawat tanpa indikasi medis terdokumentasi memerlukan telaah verifikator sebelum disimpulkan fraud.",0
KLM016,2026-05-06,RS_F,"D08 (dr. Hendra Maulana, Sp.B)",D08,P19 (Umi Kalsum),P19,7450000,3,rawat inap,K35.8 - Apendisitis akut,K35.8,47.09 - Apendektomi,47.09,M03 x 6 vial; M08 x 12 tablet,"Puskesmas Giri Sehat, Yogyakarta · RJ-2026-315 · 2026-05-05","Nyeri perut kanan bawah sejak 2 hari, disertai mual dan demam.","Apendisitis akut; dilakukan apendektomi. Toleransi oral baik, luka operasi bersih, pasien pulang dalam kondisi stabil.","Pelayanan baik, cepat ditangani.",positif,0.7,0,high,0.78,review,SYND-05,cloning,dua klaim berbeda pasien dengan rekam medis identik (LOS/biaya/dx/proc); kemiripan fitur mendekati 1.0,T 0.24 · F 0.34 · S 0.2,"ANOMALI TINGGI (belum tentu fraud): klaim identik sempurna dengan pasien lain (tanggal, dx, prosedur, LOS, biaya) — indikasi cloning. Karena umur & gender pasien berbeda, perlu verifikasi rekam medis sebelum label fraud final.",0
KLM017,2026-05-06,RS_F,"D08 (dr. Hendra Maulana, Sp.B)",D08,P20 (Wahyu Nugraha),P20,7450000,3,rawat inap,K35.8 - Apendisitis akut,K35.8,47.09 - Apendektomi,47.09,M03 x 6 vial; M08 x 12 tablet,"Puskesmas Giri Sehat, Yogyakarta · RJ-2026-316 · 2026-05-05","Nyeri perut kanan bawah sejak 2 hari, disertai mual dan demam.","Apendisitis akut; dilakukan apendektomi. Toleransi oral baik, luka operasi bersih, pasien pulang dalam kondisi stabil.",Cepat ditangani dan hasil operasi memuaskan.,positif,0.72,0,high,0.79,review,SYND-05,cloning,dua klaim berbeda pasien dengan rekam medis identik (LOS/biaya/dx/proc); kemiripan fitur mendekati 1.0,T 0.24 · F 0.34 · S 0.2,"ANOMALI TINGGI (belum tentu fraud): klaim identik sempurna dengan pasien lain (tanggal, dx, prosedur, LOS, biaya) — indikasi cloning. Karena umur & gender pasien berbeda, perlu verifikasi rekam medis sebelum label fraud final.",0
KLM018,2026-03-27,RS_D,"D04 (dr. Danur Wibisono, ",D04,P11 (Lukman Sutrisno),P11,49700000,3,rawat inap,"E11.9 - Diabetes melitus tipe 2, tanpa komplikasi",E11.9,00.66 - Angioplasti koroner + stent (PCI),00.66,M01 x 60 tablet,"Puskesmas Cibinong Medika, Bandung · RJ-2026-317 · 2026-03-26",Kontrol rutin diabetes; sesekali sering haus dan kesemutan.,Kontrol DM tanpa keluhan dada; EKG rutin dalam batas normal. Tercatat tindakan PCI dengan pemasangan stent.,"Saya kontrol diabetes, tidak pernah sakit dada. Kenapa ada tindakan jantung di tagihan?",negatif,-0.7,1,high,0.68,review,none,upcoding,PCI tanpa indikasi kardiologis pada dx E11.9; tanpa antiplatelet (M10) pada dispensing pasca-PCI,T 0.15 · F 0.24 · S 0.29,ANOMALI TINGGI (belum tentu fraud): PCI ditagih dengan dx E11.9 tanpa indikasi kardiologis dan tanpa antiplatelet pada dispensing pasca-PCI — dugaan upcoding tunggal di luar sindikat; perlu telaah verifikator.,0
KLM019,2026-02-08,RS_D,"D11 (dr. Kartika Sari, Sp.B)",D11,P07 (Gilang Saputra),P07,38000000,3,rawat inap,K35.8 - Apendisitis akut,K35.8,47.09 - Apendektomi,47.09,M03 x 6 vial; M08 x 12 tablet,"Puskesmas Cibinong Medika, Bandung · RJ-2026-318 · 2026-02-07","Nyeri perut kanan bawah sejak 2 hari, disertai mual dan demam.","Apendisitis akut; dilakukan apendektomi. Toleransi oral baik, luka operasi bersih, pasien pulang stabil.",Ada biaya tambahan yang sangat besar untuk operasi kecil.,negatif,-0.6,0,high,0.62,review,none,overbilling,"biaya 5,6x tarif rujukan apendektomi kelas 3",T 0.12 · F 0.35 · S 0.15,"ANOMALI TINGGI (belum tentu fraud): biaya 5,6x tarif rujukan apendektomi kelas 3 tanpa komponen tambahan terdokumentasi — bisa jadi outlier kelas layanan atau markup; perlu rincian komponen sebelum label fraud.",0
KLM020,2026-01-05,RS_E,"D09 (dr. Indah Pratiwi, Sp.PD)",D09,P15 (Purnama Sidik),P15,1150000,0,rawat jalan,"E11.9 - Diabetes melitus tipe 2, tanpa komplikasi",E11.9,—,—,M01 x 60 tablet; M02 x 14 tablet,kunjungan langsung (tanpa rujukan),Kontrol rutin diabetes; sesekali sering haus dan kesemutan.,"Kontrol DM tipe 2; HbA1c 7,1 persen. Terapi metformin dilanjutkan, edukasi diet dan aktivitas fisik diberikan.",Pelayanan cukup; kontrol tiap minggu sesuai anjuran dokter.,netral,0.15,0,medium,0.45,review,none,anomali_frekuensi,4 episode rawat jalan dalam 26 hari dengan dx sama; interval kunjungan presisi 7 hari,T 0.18 · F 0.16 · S 0.13,"ANOMALI SEDANG: 4 episode rawat jalan dx sama dalam 26 hari dengan interval presisi 7 hari — pola kunjungan terprogram; perlu verifikasi kepatuhan kontrol, belum cukup bukti untuk label fraud.",0
KLM021,2026-01-12,RS_E,"D09 (dr. Indah Pratiwi, Sp.PD)",D09,P15 (Purnama Sidik),P15,1150000,0,rawat jalan,"E11.9 - Diabetes melitus tipe 2, tanpa komplikasi",E11.9,—,—,M01 x 60 tablet; M02 x 14 tablet,kunjungan langsung (tanpa rujukan),Kontrol rutin diabetes; sesekali sering haus dan kesemutan.,"Kontrol DM tipe 2; HbA1c 7,1 persen. Terapi metformin dilanjutkan, edukasi diet dan aktivitas fisik diberikan.",Pelayanan cukup; kontrol tiap minggu sesuai anjuran dokter.,netral,0.15,0,medium,0.48,review,none,anomali_frekuensi,4 episode rawat jalan dalam 26 hari dengan dx sama; interval kunjungan presisi 7 hari,T 0.18 · F 0.16 · S 0.13,"ANOMALI SEDANG: 4 episode rawat jalan dx sama dalam 26 hari dengan interval presisi 7 hari — pola kunjungan terprogram; perlu verifikasi kepatuhan kontrol, belum cukup bukti untuk label fraud.",0
KLM022,2026-01-19,RS_E,"D09 (dr. Indah Pratiwi, Sp.PD)",D09,P15 (Purnama Sidik),P15,1150000,0,rawat jalan,"E11.9 - Diabetes melitus tipe 2, tanpa komplikasi",E11.9,—,—,M01 x 60 tablet; M02 x 14 tablet,kunjungan langsung (tanpa rujukan),Kontrol rutin diabetes; sesekali sering haus dan kesemutan.,"Kontrol DM tipe 2; HbA1c 7,1 persen. Terapi metformin dilanjutkan, edukasi diet dan aktivitas fisik diberikan.",Pelayanan cukup; kontrol tiap minggu sesuai anjuran dokter.,netral,0.15,0,medium,0.51,review,none,anomali_frekuensi,4 episode rawat jalan dalam 26 hari dengan dx sama; interval kunjungan presisi 7 hari,T 0.18 · F 0.16 · S 0.13,"ANOMALI SEDANG: 4 episode rawat jalan dx sama dalam 26 hari dengan interval presisi 7 hari — pola kunjungan terprogram; perlu verifikasi kepatuhan kontrol, belum cukup bukti untuk label fraud.",0
KLM023,2026-01-26,RS_E,"D09 (dr. Indah Pratiwi, Sp.PD)",D09,P15 (Purnama Sidik),P15,1150000,0,rawat jalan,"E11.9 - Diabetes melitus tipe 2, tanpa komplikasi",E11.9,—,—,M01 x 60 tablet; M02 x 14 tablet,kunjungan langsung (tanpa rujukan),Kontrol rutin diabetes; sesekali sering haus dan kesemutan.,"Kontrol DM tipe 2; HbA1c 7,1 persen. Terapi metformin dilanjutkan, edukasi diet dan aktivitas fisik diberikan.",Pelayanan cukup; kontrol tiap minggu sesuai anjuran dokter.,netral,0.15,0,medium,0.53,review,none,anomali_frekuensi,4 episode rawat jalan dalam 26 hari dengan dx sama; interval kunjungan presisi 7 hari,T 0.18 · F 0.16 · S 0.13,"ANOMALI SEDANG: 4 episode rawat jalan dx sama dalam 26 hari dengan interval presisi 7 hari — pola kunjungan terprogram; perlu verifikasi kepatuhan kontrol, belum cukup bukti untuk label fraud.",0
KLM024,2026-04-11,RS_F,"D12 (dr. Lina Marlina, Sp.OG)",D12,P05 (Eka Putri),P05,6200000,3,rawat inap,O80 - Persalinan tunggal spontan,O80,74.1 - Seksio sesarea,74.1,M08 x 12 tablet,"Puskesmas Giri Sehat, Yogyakarta · RJ-2026-323 · 2026-04-10",Kontraksi teratur setelah usia kehamilan cukup bulan.,"Persalinan spontan pervaginam berjalan normal; bayi lahir cukup bulan, APGAR 9/10. Tercatat tindakan seksio sesarea atas indikasi fetal distress.","Saya melahirkan normal, kenapa ditagih operasi caesar?",negatif,-0.8,1,high,0.66,review,none,upcoding,O80 (persalinan spontan) ditagih 74.1 (seksio sesarea); tanpa indikasi seksio pada resume medis,T 0.13 · F 0.18 · S 0.35,ANOMALI TINGGI (belum tentu fraud): persalinan spontan (O80) ditagih sebagai seksio sesarea (74.1) tanpa indikasi seksio pada resume medis — dugaan upcoding persalinan; perlu verifikasi rekam medis persalinan.,0
KLM025,2026-01-01,RS_F,"D08 (dr. Hendra Maulana, Sp.B)",D08,P01 (Agus Raharjo),P01,6100000,3,rawat inap,K35.8 - Apendisitis akut,K35.8,47.09 - Apendektomi,47.09,M03 x 6 vial; M08 x 12 tablet,"Puskesmas Giri Sehat, Yogyakarta · RJ-2026-324 · 2025-12-31","Nyeri perut kanan bawah sejak 2 hari, disertai mual dan demam.","Apendisitis akut; dilakukan apendektomi. Toleransi oral baik, luka operasi bersih, pasien pulang stabil.","Pelayanan cepat, dokter dan perawat sangat ramah.",positif,0.8,0,low,0.04,auto_clear,none,,tidak ada sinyal dominan,T 0.02 · F 0.01 · S 0.01,NORMAL: dx K35.8 ditangani dengan prosedur 47.09 — pasangan klinis standar; biaya Rp6100000 dalam rentang tarif paket; LOS 3 hari dalam rentang median; obat dispensed sesuai dx; narasi rekam medis konsisten dengan penagihan; tanpa kontradiksi.,0
KLM026,2026-02-12,RS_F,"D08 (dr. Hendra Maulana, Sp.B)",D08,P04 (Dewi Anggraeni),P04,8250000,4,rawat inap,"K40.9 - Hernia inguinalis, tanpa obstruksi",K40.9,53.1 - Reparasi hernia inguinalis,53.1,M03 x 4 vial; M08 x 10 tablet,"Puskesmas Giri Sehat, Yogyakarta · RJ-2026-325 · 2026-02-11",Benjolan di lipatan paha yang membesar saat berdiri dan mengangkat beban.,Reparasi hernia inguinalis dengan mesh. Perawatan post-operatif tanpa komplikasi; hindari mengangkat beban 4 minggu.,Proses administrasi mudah dan ruangan bersih.,positif,0.7,0,low,0.11,auto_clear,none,,tidak ada sinyal dominan,T 0.04 · F 0.04 · S 0.03,NORMAL: dx K40.9 ditangani dengan prosedur 53.1 — pasangan klinis standar; biaya Rp8250000 dalam rentang tarif paket; LOS 4 hari dalam rentang median; obat dispensed sesuai dx; narasi rekam medis konsisten dengan penagihan; tanpa kontradiksi.,0
KLM027,2026-03-23,RS_D,"D04 (dr. Danur Wibisono, ",D04,P07 (Gilang Saputra),P07,53100000,4,rawat inap,"I21.9 - Infark miokard akut, tidak spesifik",I21.9,00.66 - Angioplasti koroner + stent (PCI),00.66,M10 x 14 tablet; M06 x 14 tablet; M07 x 10 tablet,"Puskesmas Cibinong Medika, Bandung · RJ-2026-326 · 2026-03-22","Nyeri dada menjalar ke lengan kiri selama 30 menit, keringat dingin.",Infark miokard; dilakukan PCI dengan 1 stent DES. Pasien pulang dengan terapi antiplatelet ganda dan kontrol kardiologi.,"Saya pulang dengan kondisi membaik, terima kasih atas perawatannya.",positif,0.85,0,low,0.09,auto_clear,none,,tidak ada sinyal dominan,T 0.04 · F 0.03 · S 0.02,NORMAL: dx I21.9 ditangani dengan prosedur 00.66 — pasangan klinis standar; biaya Rp53100000 dalam rentang tarif paket; LOS 4 hari dalam rentang median; obat dispensed sesuai dx; narasi rekam medis konsisten dengan penagihan; tanpa kontradiksi.,0
KLM028,2026-04-07,RS_E,"D09 (dr. Indah Pratiwi, Sp.PD)",D09,P10 (Kartini Ibrahim),P10,4300000,5,rawat inap,"J18.9 - Pneumonia, organisme tidak spesifik",J18.9,—,—,M03 x 8 vial; M05 x 6 nebules,"Puskesmas Bahari Sehat, Makassar · RJ-2026-327 · 2026-04-06","Demam dan batuk berdahak 4 hari, sesak napas saat beraktivitas.","Pneumonia komunitas; antibiotik intravena dan nebulizer. Perbaikan klinis bertahap, pulang setelah perbaikan radiologis.","Cukup membantu, tapi proses administrasi bertele-tele.",netral,0.05,0,low,0.06,auto_clear,none,,tidak ada sinyal dominan,T 0.02 · F 0.02 · S 0.02,NORMAL: dx J18.9 ditangani konservatif tanpa prosedur (sesuai guideline); biaya Rp4300000 dalam rentang median; terapi obat sesuai standar; narasi rekam medis konsisten dengan penagihan; tanpa kontradiksi narasi.,0
KLM029,2026-05-18,RS_A,"D03 (dr. Citra Ayuningtyas, Sp.PD)",D03,P13 (Nadia Rahmawati),P13,1050000,1,rawat jalan,"E11.9 - Diabetes melitus tipe 2, tanpa komplikasi",E11.9,—,—,M01 x 60 tablet; M02 x 14 tablet,kunjungan langsung (tanpa rujukan),Kontrol rutin diabetes; sesekali sering haus dan kesemutan.,"Kontrol DM tipe 2; HbA1c 7,1 persen. Terapi metformin dilanjutkan, edukasi diet dan aktivitas fisik diberikan.","Nyaman dirawat di sini, fasilitas lengkap.",positif,0.65,0,low,0.14,auto_clear,none,,tidak ada sinyal dominan,T 0.06 · F 0.05 · S 0.03,NORMAL: dx E11.9 ditangani konservatif tanpa prosedur (sesuai guideline); biaya Rp1050000 dalam rentang median; terapi obat sesuai standar; narasi rekam medis konsisten dengan penagihan; tanpa kontradiksi narasi.,0
KLM030,2026-06-02,RS_E,"D10 (dr. Joko Purnomo, Sp.S)",D10,P16 (Ratna Dewi),P16,5800000,2,rawat inap,N20.0 - Kalkulus ginjal,N20.0,98.51 - Fragmentasi batu saluran kemih (ESWL),98.51,M08 x 12 tablet; M04 x 5 vial,"Puskesmas Bahari Sehat, Makassar · RJ-2026-329 · 2026-06-01",Nyeri pinggang kolik menjalar ke selangkangan sejak semalam.,"Kolik renal karena kalkulus 8 mm; dilakukan ESWL. Pasien dianjurkan minum 2,5 liter per hari dan kontrol USG.",Kebersihan kamar mandi kurang terjaga.,negatif,-0.35,0,low,0.11,auto_clear,none,,tidak ada sinyal dominan,T 0.04 · F 0.04 · S 0.03,NORMAL: dx N20.0 ditangani dengan prosedur 98.51 — pasangan klinis standar; biaya Rp5800000 dalam rentang tarif paket; LOS 2 hari dalam rentang median; obat dispensed sesuai dx; narasi rekam medis konsisten dengan penagihan; tanpa kontradiksi.,0
KLM031,2026-01-13,RS_C,"D05 (dr. Endra Kusuma, Sp.OT)",D05,P19 (Umi Kalsum),P19,44000000,8,rawat inap,"S72.0 - Fraktur kolum femur, tertutup",S72.0,81.52 - Hemiarthroplasty panggul,81.52,M03 x 12 vial; M08 x 20 tablet,"Puskesmas Sehat Medan, Medan · RJ-2026-330 · 2026-01-12","Terjatuh di kamar mandi, tidak dapat berdiri, nyeri hebat pada panggul.","Fraktur kolum femur; dilakukan hemiarthroplasty. Mobilisasi dengan fisioterapi, pulang dengan alat bantu jalan.",Proses administrasi mudah dan ruangan bersih.,positif,0.7,0,low,0.08,auto_clear,none,,tidak ada sinyal dominan,T 0.03 · F 0.03 · S 0.02,,0
KLM032,2026-02-24,RS_F,"D12 (dr. Lina Marlina, Sp.OG)",D12,P02 (Bunga Lestari),P02,4100000,3,rawat inap,O80 - Persalinan tunggal spontan,O80,—,—,M08 x 12 tablet,"Puskesmas Giri Sehat, Yogyakarta · RJ-2026-331 · 2026-02-23",Kontraksi teratur setelah usia kehamilan cukup bulan.,"Persalinan spontan pervaginam; bayi lahir cukup bulan 3.100 gram, APGAR 9/10. Ibu dan bayi kondisi baik.","Saya pulang dengan kondisi membaik, terima kasih atas perawatannya.",positif,0.85,0,low,0.06,auto_clear,none,,tidak ada sinyal dominan,T 0.02 · F 0.02 · S 0.02,NORMAL: dx O80 ditangani konservatif tanpa prosedur (sesuai guideline); biaya Rp4100000 dalam rentang median; terapi obat sesuai standar; narasi rekam medis konsisten dengan penagihan; tanpa kontradiksi narasi.,0
KLM033,2026-03-08,RS_A,"D02 (dr. Barli Soemarno, Sp.B)",D02,P05 (Eka Putri),P05,13950000,3,rawat inap,"K80.2 - Kolelitiasis, tanpa kolesistitis",K80.2,51.23 - Kolesistektomi laparoskopik,51.23,M03 x 6 vial; M04 x 7 vial,"Puskesmas Sehat Sentosa, Jakarta Selatan · RJ-2026-332 · 2026-03-07","Nyeri perut kanan atas berulang, terasa setelah makan berlemak.","Kolelitiasis; dilakukan kolesistektomi laparoskopik. Toleransi oral baik, pasien pulang dengan kontrol poliklinik.","Pelayanan baik, penjelasan dokter jelas dan mudah dipahami.",positif,0.75,0,low,0.13,auto_clear,none,,tidak ada sinyal dominan,T 0.05 · F 0.05 · S 0.03,NORMAL: dx K80.2 ditangani dengan prosedur 51.23 — pasangan klinis standar; biaya Rp13950000 dalam rentang tarif paket; LOS 3 hari dalam rentang median; obat dispensed sesuai dx; narasi rekam medis konsisten dengan penagihan; tanpa kontradiksi.,0
KLM034,2026-04-19,RS_B,"D07 (dr. Gunawan Halim, Sp.B)",D07,P08 (Maryam Yusuf),P08,800000,0,rawat jalan,"K29.7 - Gastritis, tanpa perdarahan",K29.7,—,—,M04 x 14 vial; M08 x 10 tablet,kunjungan langsung (tanpa rujukan),"Nyeri ulu hati sejak 3 hari, terasa setelah makan dan minum kopi.",Gastritis tanpa perdarahan; diberikan terapi PPI. Pasien dianjurkan menghindari kopi dan makanan pedas.,"Nyaman dirawat di sini, fasilitas lengkap.",positif,0.65,0,low,0.11,auto_clear,none,,tidak ada sinyal dominan,T 0.04 · F 0.04 · S 0.03,NORMAL: dx K29.7 ditangani konservatif tanpa prosedur (sesuai guideline); biaya Rp800000 dalam rentang median; terapi obat sesuai standar; narasi rekam medis konsisten dengan penagihan; tanpa kontradiksi narasi.,0
KLM035,2026-05-03,RS_F,"D08 (dr. Hendra Maulana, Sp.B)",D08,P11 (Lukman Sutrisno),P11,6650000,4,rawat inap,K35.8 - Apendisitis akut,K35.8,47.09 - Apendektomi,47.09,M03 x 6 vial; M08 x 12 tablet,"Puskesmas Giri Sehat, Yogyakarta · RJ-2026-334 · 2026-05-02","Nyeri perut kanan bawah sejak 2 hari, disertai mual dan demam.","Apendisitis akut; dilakukan apendektomi. Toleransi oral baik, luka operasi bersih, pasien pulang stabil.","Pelayanan standar, antrean cukup panjang.",netral,0.1,0,low,0.08,auto_clear,none,,tidak ada sinyal dominan,T 0.03 · F 0.03 · S 0.02,NORMAL: dx K35.8 ditangani dengan prosedur 47.09 — pasangan klinis standar; biaya Rp6650000 dalam rentang tarif paket; LOS 4 hari dalam rentang median; obat dispensed sesuai dx; narasi rekam medis konsisten dengan penagihan; tanpa kontradiksi.,0
KLM036,2026-06-14,RS_F,"D08 (dr. Hendra Maulana, Sp.B)",D08,P14 (Odi Setiawan),P14,8900000,2,rawat inap,"K40.9 - Hernia inguinalis, tanpa obstruksi",K40.9,53.1 - Reparasi hernia inguinalis,53.1,M03 x 4 vial; M08 x 10 tablet,"Puskesmas Giri Sehat, Yogyakarta · RJ-2026-335 · 2026-06-13",Benjolan di lipatan paha yang membesar saat berdiri dan mengangkat beban.,Reparasi hernia inguinalis dengan mesh. Perawatan post-operatif tanpa komplikasi; hindari mengangkat beban 4 minggu.,Proses administrasi mudah dan ruangan bersih.,positif,0.7,0,low,0.05,auto_clear,none,,tidak ada sinyal dominan,T 0.02 · F 0.02 · S 0.01,NORMAL: dx K40.9 ditangani dengan prosedur 53.1 — pasangan klinis standar; biaya Rp8900000 dalam rentang tarif paket; LOS 2 hari dalam rentang median; obat dispensed sesuai dx; narasi rekam medis konsisten dengan penagihan; tanpa kontradiksi.,0
KLM037,2026-01-25,RS_D,"D04 (dr. Danur Wibisono, ",D04,P17 (Slamet Riyadi),P17,57550000,5,rawat inap,"I21.9 - Infark miokard akut, tidak spesifik",I21.9,00.66 - Angioplasti koroner + stent (PCI),00.66,M10 x 14 tablet; M06 x 14 tablet; M07 x 10 tablet,"Puskesmas Cibinong Medika, Bandung · RJ-2026-336 · 2026-01-24","Nyeri dada menjalar ke lengan kiri selama 30 menit, keringat dingin.",Infark miokard; dilakukan PCI dengan 1 stent DES. Pasien pulang dengan terapi antiplatelet ganda dan kontrol kardiologi.,"Saya pulang dengan kondisi membaik, terima kasih atas perawatannya.",positif,0.85,0,low,0.13,auto_clear,none,,tidak ada sinyal dominan,T 0.05 · F 0.05 · S 0.03,NORMAL: dx I21.9 ditangani dengan prosedur 00.66 — pasangan klinis standar; biaya Rp57550000 dalam rentang tarif paket; LOS 5 hari dalam rentang median; obat dispensed sesuai dx; narasi rekam medis konsisten dengan penagihan; tanpa kontradiksi.,0
KLM038,2026-02-09,RS_E,"D09 (dr. Indah Pratiwi, Sp.PD)",D09,P20 (Wahyu Nugraha),P20,3800000,6,rawat inap,"J18.9 - Pneumonia, organisme tidak spesifik",J18.9,—,—,M03 x 8 vial; M05 x 6 nebules,"Puskesmas Bahari Sehat, Makassar · RJ-2026-337 · 2026-02-08","Demam dan batuk berdahak 4 hari, sesak napas saat beraktivitas.","Pneumonia komunitas; antibiotik intravena dan nebulizer. Perbaikan klinis bertahap, pulang setelah perbaikan radiologis.","Pelayanan baik, penjelasan dokter jelas dan mudah dipahami.",positif,0.75,0,low,0.1,auto_clear,none,,tidak ada sinyal dominan,T 0.04 · F 0.03 · S 0.03,NORMAL: dx J18.9 ditangani konservatif tanpa prosedur (sesuai guideline); biaya Rp3800000 dalam rentang median; terapi obat sesuai standar; narasi rekam medis konsisten dengan penagihan; tanpa kontradiksi narasi.,0
KLM039,2026-03-20,RS_A,"D03 (dr. Citra Ayuningtyas, Sp.PD)",D03,P03 (Candra Wijaya),P03,1150000,0,rawat jalan,"E11.9 - Diabetes melitus tipe 2, tanpa komplikasi",E11.9,—,—,M01 x 60 tablet; M02 x 14 tablet,kunjungan langsung (tanpa rujukan),Kontrol rutin diabetes; sesekali sering haus dan kesemutan.,"Kontrol DM tipe 2; HbA1c 7,1 persen. Terapi metformin dilanjutkan, edukasi diet dan aktivitas fisik diberikan.","Nyaman dirawat di sini, fasilitas lengkap.",positif,0.65,0,low,0.07,auto_clear,none,,tidak ada sinyal dominan,T 0.03 · F 0.02 · S 0.02,NORMAL: dx E11.9 ditangani konservatif tanpa prosedur (sesuai guideline); biaya Rp1150000 dalam rentang median; terapi obat sesuai standar; narasi rekam medis konsisten dengan penagihan; tanpa kontradiksi narasi.,0
KLM040,2026-04-04,RS_E,"D10 (dr. Joko Purnomo, Sp.S)",D10,P06 (Fajar Nugroho),P06,5150000,3,rawat inap,N20.0 - Kalkulus ginjal,N20.0,98.51 - Fragmentasi batu saluran kemih (ESWL),98.51,M08 x 12 tablet; M04 x 5 vial,"Puskesmas Bahari Sehat, Makassar · RJ-2026-339 · 2026-04-03",Nyeri pinggang kolik menjalar ke selangkangan sejak semalam.,"Kolik renal karena kalkulus 8 mm; dilakukan ESWL. Pasien dianjurkan minum 2,5 liter per hari dan kontrol USG.","Pelayanan cepat, dokter dan perawat sangat ramah.",positif,0.8,0,low,0.05,auto_clear,none,,tidak ada sinyal dominan,T 0.02 · F 0.02 · S 0.01,NORMAL: dx N20.0 ditangani dengan prosedur 98.51 — pasangan klinis standar; biaya Rp5150000 dalam rentang tarif paket; LOS 3 hari dalam rentang median; obat dispensed sesuai dx; narasi rekam medis konsisten dengan penagihan; tanpa kontradiksi.,0
KLM041,2026-05-15,RS_C,"D05 (dr. Endra Kusuma, Sp.OT)",D05,P09 (Idrus Hakim),P09,47550000,9,rawat inap,"S72.0 - Fraktur kolum femur, tertutup",S72.0,81.52 - Hemiarthroplasty panggul,81.52,M03 x 12 vial; M08 x 20 tablet,"Puskesmas Sehat Medan, Medan · RJ-2026-340 · 2026-05-14","Terjatuh di kamar mandi, tidak dapat berdiri, nyeri hebat pada panggul.","Fraktur kolum femur; dilakukan hemiarthroplasty. Mobilisasi dengan fisioterapi, pulang dengan alat bantu jalan.",Proses administrasi mudah dan ruangan bersih.,positif,0.7,0,low,0.12,auto_clear,none,,tidak ada sinyal dominan,T 0.05 · F 0.04 · S 0.03,NORMAL: dx S72.0 ditangani dengan prosedur 81.52 — pasangan klinis standar; biaya Rp47550000 dalam rentang tarif paket; LOS 9 hari dalam rentang median; obat dispensed sesuai dx; narasi rekam medis konsisten dengan penagihan; tanpa kontradiksi.,0
KLM042,2026-06-26,RS_F,"D12 (dr. Lina Marlina, Sp.OG)",D12,P12 (Maya Sari),P12,3650000,2,rawat inap,O80 - Persalinan tunggal spontan,O80,—,—,M08 x 12 tablet,"Puskesmas Giri Sehat, Yogyakarta · RJ-2026-341 · 2026-06-25",Kontraksi teratur setelah usia kehamilan cukup bulan.,"Persalinan spontan pervaginam; bayi lahir cukup bulan 3.100 gram, APGAR 9/10. Ibu dan bayi kondisi baik.","Cukup membantu, tapi proses administrasi bertele-tele.",netral,0.05,0,low,0.1,auto_clear,none,,tidak ada sinyal dominan,T 0.04 · F 0.03 · S 0.03,NORMAL: dx O80 ditangani konservatif tanpa prosedur (sesuai guideline); biaya Rp3650000 dalam rentang median; terapi obat sesuai standar; narasi rekam medis konsisten dengan penagihan; tanpa kontradiksi narasi.,0
KLM043,2026-01-10,RS_A,"D02 (dr. Barli Soemarno, Sp.B)",D02,P15 (Purnama Sidik),P15,15050000,4,rawat inap,"K80.2 - Kolelitiasis, tanpa kolesistitis",K80.2,51.23 - Kolesistektomi laparoskopik,51.23,M03 x 6 vial; M04 x 7 vial,"Puskesmas Sehat Sentosa, Jakarta Selatan · RJ-2026-342 · 2026-01-09","Nyeri perut kanan atas berulang, terasa setelah makan berlemak.","Kolelitiasis; dilakukan kolesistektomi laparoskopik. Toleransi oral baik, pasien pulang dengan kontrol poliklinik.",Antrean sangat lama dan tempat parkir sempit.,negatif,-0.4,0,low,0.07,auto_clear,none,,tidak ada sinyal dominan,T 0.03 · F 0.02 · S 0.02,NORMAL: dx K80.2 ditangani dengan prosedur 51.23 — pasangan klinis standar; biaya Rp15050000 dalam rentang tarif paket; LOS 4 hari dalam rentang median; obat dispensed sesuai dx; narasi rekam medis konsisten dengan penagihan; tanpa kontradiksi.,0
KLM044,2026-02-21,RS_B,"D07 (dr. Gunawan Halim, Sp.B)",D07,P18 (Tarmizi Karim),P18,700000,1,rawat jalan,"K29.7 - Gastritis, tanpa perdarahan",K29.7,—,—,M04 x 14 vial; M08 x 10 tablet,kunjungan langsung (tanpa rujukan),"Nyeri ulu hati sejak 3 hari, terasa setelah makan dan minum kopi.",Gastritis tanpa perdarahan; diberikan terapi PPI. Pasien dianjurkan menghindari kopi dan makanan pedas.,"Nyaman dirawat di sini, fasilitas lengkap.",positif,0.65,0,low,0.04,auto_clear,none,,tidak ada sinyal dominan,T 0.02 · F 0.01 · S 0.01,NORMAL: dx K29.7 ditangani konservatif tanpa prosedur (sesuai guideline); biaya Rp700000 dalam rentang median; terapi obat sesuai standar; narasi rekam medis konsisten dengan penagihan; tanpa kontradiksi narasi.,0
KLM045,2026-03-05,RS_F,"D08 (dr. Hendra Maulana, Sp.B)",D08,P01 (Agus Raharjo),P01,7150000,2,rawat inap,K35.8 - Apendisitis akut,K35.8,47.09 - Apendektomi,47.09,M03 x 6 vial; M08 x 12 tablet,"Puskesmas Giri Sehat, Yogyakarta · RJ-2026-344 · 2026-03-04","Nyeri perut kanan bawah sejak 2 hari, disertai mual dan demam.","Apendisitis akut; dilakukan apendektomi. Toleransi oral baik, luka operasi bersih, pasien pulang stabil.","Pelayanan cepat, dokter dan perawat sangat ramah.",positif,0.8,0,low,0.12,auto_clear,none,,tidak ada sinyal dominan,T 0.05 · F 0.04 · S 0.03,NORMAL: dx K35.8 ditangani dengan prosedur 47.09 — pasangan klinis standar; biaya Rp7150000 dalam rentang tarif paket; LOS 2 hari dalam rentang median; obat dispensed sesuai dx; narasi rekam medis konsisten dengan penagihan; tanpa kontradiksi.,0
KLM046,2026-04-16,RS_F,"D08 (dr. Hendra Maulana, Sp.B)",D08,P04 (Dewi Anggraeni),P04,7900000,3,rawat inap,"K40.9 - Hernia inguinalis, tanpa obstruksi",K40.9,53.1 - Reparasi hernia inguinalis,53.1,M03 x 4 vial; M08 x 10 tablet,"Puskesmas Giri Sehat, Yogyakarta · RJ-2026-345 · 2026-04-15",Benjolan di lipatan paha yang membesar saat berdiri dan mengangkat beban.,Reparasi hernia inguinalis dengan mesh. Perawatan post-operatif tanpa komplikasi; hindari mengangkat beban 4 minggu.,Proses administrasi mudah dan ruangan bersih.,positif,0.7,0,low,0.09,auto_clear,none,,tidak ada sinyal dominan,T 0.04 · F 0.03 · S 0.02,NORMAL: dx K40.9 ditangani dengan prosedur 53.1 — pasangan klinis standar; biaya Rp7900000 dalam rentang tarif paket; LOS 3 hari dalam rentang median; obat dispensed sesuai dx; narasi rekam medis konsisten dengan penagihan; tanpa kontradiksi.,0
KLM047,2026-05-27,RS_D,"D04 (dr. Danur Wibisono, ",D04,P07 (Gilang Saputra),P07,62000000,6,rawat inap,"I21.9 - Infark miokard akut, tidak spesifik",I21.9,00.66 - Angioplasti koroner + stent (PCI),00.66,M10 x 14 tablet; M06 x 14 tablet; M07 x 10 tablet,"Puskesmas Cibinong Medika, Bandung · RJ-2026-346 · 2026-05-26","Nyeri dada menjalar ke lengan kiri selama 30 menit, keringat dingin.",Infark miokard; dilakukan PCI dengan 1 stent DES. Pasien pulang dengan terapi antiplatelet ganda dan kontrol kardiologi.,"Saya pulang dengan kondisi membaik, terima kasih atas perawatannya.",positif,0.85,0,low,0.07,auto_clear,none,,tidak ada sinyal dominan,T 0.03 · F 0.02 · S 0.02,NORMAL: dx I21.9 ditangani dengan prosedur 00.66 — pasangan klinis standar; biaya Rp62000000 dalam rentang tarif paket; LOS 6 hari dalam rentang median; obat dispensed sesuai dx; narasi rekam medis konsisten dengan penagihan; tanpa kontradiksi.,0
KLM048,2026-06-11,RS_E,"D09 (dr. Indah Pratiwi, Sp.PD)",D09,P10 (Kartini Ibrahim),P10,4100000,4,rawat inap,"J18.9 - Pneumonia, organisme tidak spesifik",J18.9,—,—,M03 x 8 vial; M05 x 6 nebules,"Puskesmas Bahari Sehat, Makassar · RJ-2026-347 · 2026-06-10","Demam dan batuk berdahak 4 hari, sesak napas saat beraktivitas.","Pneumonia komunitas; antibiotik intravena dan nebulizer. Perbaikan klinis bertahap, pulang setelah perbaikan radiologis.","Pelayanan baik, penjelasan dokter jelas dan mudah dipahami.",positif,0.75,0,low,0.04,auto_clear,none,,tidak ada sinyal dominan,T 0.02 · F 0.01 · S 0.01,NORMAL: dx J18.9 ditangani konservatif tanpa prosedur (sesuai guideline); biaya Rp4100000 dalam rentang median; terapi obat sesuai standar; narasi rekam medis konsisten dengan penagihan; tanpa kontradiksi narasi.,0
KLM049,2026-01-22,RS_A,"D03 (dr. Citra Ayuningtyas, Sp.PD)",D03,P13 (Nadia Rahmawati),P13,1250000,0,rawat jalan,"E11.9 - Diabetes melitus tipe 2, tanpa komplikasi",E11.9,—,—,M01 x 60 tablet; M02 x 14 tablet,kunjungan langsung (tanpa rujukan),Kontrol rutin diabetes; sesekali sering haus dan kesemutan.,"Kontrol DM tipe 2; HbA1c 7,1 persen. Terapi metformin dilanjutkan, edukasi diet dan aktivitas fisik diberikan.","Pelayanan standar, antrean cukup panjang.",netral,0.1,0,low,0.11,auto_clear,none,,tidak ada sinyal dominan,T 0.04 · F 0.04 · S 0.03,NORMAL: dx E11.9 ditangani konservatif tanpa prosedur (sesuai guideline); biaya Rp1250000 dalam rentang median; terapi obat sesuai standar; narasi rekam medis konsisten dengan penagihan; tanpa kontradiksi narasi.,0
KLM050,2026-02-06,RS_E,"D10 (dr. Joko Purnomo, Sp.S)",D10,P16 (Ratna Dewi),P16,5550000,4,rawat inap,N20.0 - Kalkulus ginjal,N20.0,98.51 - Fragmentasi batu saluran kemih (ESWL),98.51,M08 x 12 tablet; M04 x 5 vial,"Puskesmas Bahari Sehat, Makassar · RJ-2026-349 · 2026-02-05",Nyeri pinggang kolik menjalar ke selangkangan sejak semalam.,"Kolik renal karena kalkulus 8 mm; dilakukan ESWL. Pasien dianjurkan minum 2,5 liter per hari dan kontrol USG.","Pelayanan cepat, dokter dan perawat sangat ramah.",positif,0.8,0,low,0.09,auto_clear,none,,tidak ada sinyal dominan,T 0.04 · F 0.03 · S 0.02,NORMAL: dx N20.0 ditangani dengan prosedur 98.51 — pasangan klinis standar; biaya Rp5550000 dalam rentang tarif paket; LOS 4 hari dalam rentang median; obat dispensed sesuai dx; narasi rekam medis konsisten dengan penagihan; tanpa kontradiksi.,0
KLM051,2026-03-17,RS_C,"D05 (dr. Endra Kusuma, Sp.OT)",D05,P19 (Umi Kalsum),P19,41850000,7,rawat inap,"S72.0 - Fraktur kolum femur, tertutup",S72.0,81.52 - Hemiarthroplasty panggul,81.52,M03 x 12 vial; M08 x 20 tablet,"Puskesmas Sehat Medan, Medan · RJ-2026-350 · 2026-03-16","Terjatuh di kamar mandi, tidak dapat berdiri, nyeri hebat pada panggul.","Fraktur kolum femur; dilakukan hemiarthroplasty. Mobilisasi dengan fisioterapi, pulang dengan alat bantu jalan.",Proses administrasi mudah dan ruangan bersih.,positif,0.7,0,low,0.06,auto_clear,none,,tidak ada sinyal dominan,T 0.02 · F 0.02 · S 0.02,NORMAL: dx S72.0 ditangani dengan prosedur 81.52 — pasangan klinis standar; biaya Rp41850000 dalam rentang tarif paket; LOS 7 hari dalam rentang median; obat dispensed sesuai dx; narasi rekam medis konsisten dengan penagihan; tanpa kontradiksi.,0
KLM052,2026-04-01,RS_F,"D12 (dr. Lina Marlina, Sp.OG)",D12,P02 (Bunga Lestari),P02,3950000,2,rawat inap,O80 - Persalinan tunggal spontan,O80,—,—,M08 x 12 tablet,"Puskesmas Giri Sehat, Yogyakarta · RJ-2026-351 · 2026-03-31",Kontraksi teratur setelah usia kehamilan cukup bulan.,"Persalinan spontan pervaginam; bayi lahir cukup bulan 3.100 gram, APGAR 9/10. Ibu dan bayi kondisi baik.","Saya pulang dengan kondisi membaik, terima kasih atas perawatannya.",positif,0.85,0,low,0.14,auto_clear,none,,tidak ada sinyal dominan,T 0.06 · F 0.05 · S 0.03,NORMAL: dx O80 ditangani konservatif tanpa prosedur (sesuai guideline); biaya Rp3950000 dalam rentang median; terapi obat sesuai standar; narasi rekam medis konsisten dengan penagihan; tanpa kontradiksi narasi.,0
KLM053,2026-05-12,RS_A,"D02 (dr. Barli Soemarno, Sp.B)",D02,P05 (Eka Putri),P05,13250000,5,rawat inap,"K80.2 - Kolelitiasis, tanpa kolesistitis",K80.2,51.23 - Kolesistektomi laparoskopik,51.23,M03 x 6 vial; M04 x 7 vial,"Puskesmas Sehat Sentosa, Jakarta Selatan · RJ-2026-352 · 2026-05-11","Nyeri perut kanan atas berulang, terasa setelah makan berlemak.","Kolelitiasis; dilakukan kolesistektomi laparoskopik. Toleransi oral baik, pasien pulang dengan kontrol poliklinik.","Pelayanan baik, penjelasan dokter jelas dan mudah dipahami.",positif,0.75,0,low,0.11,auto_clear,none,,tidak ada sinyal dominan,T 0.04 · F 0.04 · S 0.03,NORMAL: dx K80.2 ditangani dengan prosedur 51.23 — pasangan klinis standar; biaya Rp13250000 dalam rentang tarif paket; LOS 5 hari dalam rentang median; obat dispensed sesuai dx; narasi rekam medis konsisten dengan penagihan; tanpa kontradiksi.,0
KLM054,2026-06-23,RS_B,"D07 (dr. Gunawan Halim, Sp.B)",D07,P08 (Maryam Yusuf),P08,750000,0,rawat jalan,"K29.7 - Gastritis, tanpa perdarahan",K29.7,—,—,M04 x 14 vial; M08 x 10 tablet,kunjungan langsung (tanpa rujukan),"Nyeri ulu hati sejak 3 hari, terasa setelah makan dan minum kopi.",Gastritis tanpa perdarahan; diberikan terapi PPI. Pasien dianjurkan menghindari kopi dan makanan pedas.,"Nyaman dirawat di sini, fasilitas lengkap.",positif,0.65,0,low,0.08,auto_clear,none,,tidak ada sinyal dominan,T 0.03 · F 0.03 · S 0.02,NORMAL: dx K29.7 ditangani konservatif tanpa prosedur (sesuai guideline); biaya Rp750000 dalam rentang median; terapi obat sesuai standar; narasi rekam medis konsisten dengan penagihan; tanpa kontradiksi narasi.,0
KLM055,2026-01-07,RS_F,"D08 (dr. Hendra Maulana, Sp.B)",D08,P11 (Lukman Sutrisno),P11,6350000,3,rawat inap,K35.8 - Apendisitis akut,K35.8,47.09 - Apendektomi,47.09,M03 x 6 vial; M08 x 12 tablet,"Puskesmas Giri Sehat, Yogyakarta · RJ-2026-354 · 2026-01-06","Nyeri perut kanan bawah sejak 2 hari, disertai mual dan demam.","Apendisitis akut; dilakukan apendektomi. Toleransi oral baik, luka operasi bersih, pasien pulang stabil.","Pelayanan cepat, dokter dan perawat sangat ramah.",positif,0.8,0,low,0.06,auto_clear,none,,tidak ada sinyal dominan,T 0.02 · F 0.02 · S 0.02,NORMAL: dx K35.8 ditangani dengan prosedur 47.09 — pasangan klinis standar; biaya Rp6350000 dalam rentang tarif paket; LOS 3 hari dalam rentang median; obat dispensed sesuai dx; narasi rekam medis konsisten dengan penagihan; tanpa kontradiksi.,0
KLM056,2026-02-18,RS_F,"D08 (dr. Hendra Maulana, Sp.B)",D08,P14 (Odi Setiawan),P14,8500000,4,rawat inap,"K40.9 - Hernia inguinalis, tanpa obstruksi",K40.9,53.1 - Reparasi hernia inguinalis,53.1,M03 x 4 vial; M08 x 10 tablet,"Puskesmas Giri Sehat, Yogyakarta · RJ-2026-355 · 2026-02-17",Benjolan di lipatan paha yang membesar saat berdiri dan mengangkat beban.,Reparasi hernia inguinalis dengan mesh. Perawatan post-operatif tanpa komplikasi; hindari mengangkat beban 4 minggu.,Kebersihan kamar mandi kurang terjaga.,negatif,-0.35,0,low,0.13,auto_clear,none,,tidak ada sinyal dominan,T 0.05 · F 0.05 · S 0.03,NORMAL: dx K40.9 ditangani dengan prosedur 53.1 — pasangan klinis standar; biaya Rp8500000 dalam rentang tarif paket; LOS 4 hari dalam rentang median; obat dispensed sesuai dx; narasi rekam medis konsisten dengan penagihan; tanpa kontradiksi.,0
KLM057,2026-03-02,RS_D,"D04 (dr. Danur Wibisono, ",D04,P17 (Slamet Riyadi),P17,54900000,4,rawat inap,"I21.9 - Infark miokard akut, tidak spesifik",I21.9,00.66 - Angioplasti koroner + stent (PCI),00.66,M10 x 14 tablet; M06 x 14 tablet; M07 x 10 tablet,"Puskesmas Cibinong Medika, Bandung · RJ-2026-356 · 2026-03-01","Nyeri dada menjalar ke lengan kiri selama 30 menit, keringat dingin.",Infark miokard; dilakukan PCI dengan 1 stent DES. Pasien pulang dengan terapi antiplatelet ganda dan kontrol kardiologi.,"Saya pulang dengan kondisi membaik, terima kasih atas perawatannya.",positif,0.85,0,low,0.11,auto_clear,none,,tidak ada sinyal dominan,T 0.04 · F 0.04 · S 0.03,NORMAL: dx I21.9 ditangani dengan prosedur 00.66 — pasangan klinis standar; biaya Rp54900000 dalam rentang tarif paket; LOS 4 hari dalam rentang median; obat dispensed sesuai dx; narasi rekam medis konsisten dengan penagihan; tanpa kontradiksi.,0
KLM058,2026-04-13,RS_E,"D09 (dr. Indah Pratiwi, Sp.PD)",D09,P20 (Wahyu Nugraha),P20,4450000,5,rawat inap,"J18.9 - Pneumonia, organisme tidak spesifik",J18.9,—,—,M03 x 8 vial; M05 x 6 nebules,"Puskesmas Bahari Sehat, Makassar · RJ-2026-357 · 2026-04-12","Demam dan batuk berdahak 4 hari, sesak napas saat beraktivitas.","Pneumonia komunitas; antibiotik intravena dan nebulizer. Perbaikan klinis bertahap, pulang setelah perbaikan radiologis.","Pelayanan baik, penjelasan dokter jelas dan mudah dipahami.",positif,0.75,0,low,0.08,auto_clear,none,,tidak ada sinyal dominan,T 0.03 · F 0.03 · S 0.02,NORMAL: dx J18.9 ditangani konservatif tanpa prosedur (sesuai guideline); biaya Rp4450000 dalam rentang median; terapi obat sesuai standar; narasi rekam medis konsisten dengan penagihan; tanpa kontradiksi narasi.,0
KLM059,2026-05-24,RS_A,"D03 (dr. Citra Ayuningtyas, Sp.PD)",D03,P03 (Candra Wijaya),P03,1100000,1,rawat jalan,"E11.9 - Diabetes melitus tipe 2, tanpa komplikasi",E11.9,—,—,M01 x 60 tablet; M02 x 14 tablet,kunjungan langsung (tanpa rujukan),Kontrol rutin diabetes; sesekali sering haus dan kesemutan.,"Kontrol DM tipe 2; HbA1c 7,1 persen. Terapi metformin dilanjutkan, edukasi diet dan aktivitas fisik diberikan.","Nyaman dirawat di sini, fasilitas lengkap.",positif,0.65,0,low,0.05,auto_clear,none,,tidak ada sinyal dominan,T 0.02 · F 0.02 · S 0.01,NORMAL: dx E11.9 ditangani konservatif tanpa prosedur (sesuai guideline); biaya Rp1100000 dalam rentang median; terapi obat sesuai standar; narasi rekam medis konsisten dengan penagihan; tanpa kontradiksi narasi.,0
KLM060,2026-06-08,RS_E,"D10 (dr. Joko Purnomo, Sp.S)",D10,P06 (Fajar Nugroho),P06,6000000,2,rawat inap,N20.0 - Kalkulus ginjal,N20.0,98.51 - Fragmentasi batu saluran kemih (ESWL),98.51,M08 x 12 tablet; M04 x 5 vial,"Puskesmas Bahari Sehat, Makassar · RJ-2026-359 · 2026-06-07",Nyeri pinggang kolik menjalar ke selangkangan sejak semalam.,"Kolik renal karena kalkulus 8 mm; dilakukan ESWL. Pasien dianjurkan minum 2,5 liter per hari dan kontrol USG.","Pelayanan cepat, dokter dan perawat sangat ramah.",positif,0.8,0,low,0.13,auto_clear,none,,tidak ada sinyal dominan,T 0.05 · F 0.05 · S 0.03,NORMAL: dx N20.0 ditangani dengan prosedur 98.51 — pasangan klinis standar; biaya Rp6000000 dalam rentang tarif paket; LOS 2 hari dalam rentang median; obat dispensed sesuai dx; narasi rekam medis konsisten dengan penagihan; tanpa kontradiksi.,0
KLM061,2026-01-19,RS_C,"D05 (dr. Endra Kusuma, Sp.OT)",D05,P09 (Idrus Hakim),P09,45450000,8,rawat inap,"S72.0 - Fraktur kolum femur, tertutup",S72.0,81.52 - Hemiarthroplasty panggul,81.52,M03 x 12 vial; M08 x 20 tablet,"Puskesmas Sehat Medan, Medan · RJ-2026-360 · 2026-01-18","Terjatuh di kamar mandi, tidak dapat berdiri, nyeri hebat pada panggul.","Fraktur kolum femur; dilakukan hemiarthroplasty. Mobilisasi dengan fisioterapi, pulang dengan alat bantu jalan.",Proses administrasi mudah dan ruangan bersih.,positif,0.7,0,low,0.1,auto_clear,none,,tidak ada sinyal dominan,T 0.04 · F 0.03 · S 0.03,NORMAL: dx S72.0 ditangani dengan prosedur 81.52 — pasangan klinis standar; biaya Rp45450000 dalam rentang tarif paket; LOS 8 hari dalam rentang median; obat dispensed sesuai dx; narasi rekam medis konsisten dengan penagihan; tanpa kontradiksi.,0
KLM062,2026-02-03,RS_F,"D12 (dr. Lina Marlina, Sp.OG)",D12,P12 (Maya Sari),P12,4250000,3,rawat inap,O80 - Persalinan tunggal spontan,O80,—,—,M08 x 12 tablet,"Puskesmas Giri Sehat, Yogyakarta · RJ-2026-361 · 2026-02-02",Kontraksi teratur setelah usia kehamilan cukup bulan.,"Persalinan spontan pervaginam; bayi lahir cukup bulan 3.100 gram, APGAR 9/10. Ibu dan bayi kondisi baik.","Saya pulang dengan kondisi membaik, terima kasih atas perawatannya.",positif,0.85,0,low,0.07,auto_clear,none,,tidak ada sinyal dominan,T 0.03 · F 0.02 · S 0.02,NORMAL: dx O80 ditangani konservatif tanpa prosedur (sesuai guideline); biaya Rp4250000 dalam rentang median; terapi obat sesuai standar; narasi rekam medis konsisten dengan penagihan; tanpa kontradiksi narasi.,0
KLM063,2026-03-14,RS_A,"D02 (dr. Barli Soemarno, Sp.B)",D02,P15 (Purnama Sidik),P15,14400000,3,rawat inap,"K80.2 - Kolelitiasis, tanpa kolesistitis",K80.2,51.23 - Kolesistektomi laparoskopik,51.23,M03 x 6 vial; M04 x 7 vial,"Puskesmas Sehat Sentosa, Jakarta Selatan · RJ-2026-362 · 2026-03-13","Nyeri perut kanan atas berulang, terasa setelah makan berlemak.","Kolelitiasis; dilakukan kolesistektomi laparoskopik. Toleransi oral baik, pasien pulang dengan kontrol poliklinik.","Pelayanan standar, antrean cukup panjang.",netral,0.1,0,low,0.05,auto_clear,none,,tidak ada sinyal dominan,T 0.02 · F 0.02 · S 0.01,NORMAL: dx K80.2 ditangani dengan prosedur 51.23 — pasangan klinis standar; biaya Rp14400000 dalam rentang tarif paket; LOS 3 hari dalam rentang median; obat dispensed sesuai dx; narasi rekam medis konsisten dengan penagihan; tanpa kontradiksi.,0
KLM064,2026-04-25,RS_B,"D07 (dr. Gunawan Halim, Sp.B)",D07,P18 (Tarmizi Karim),P18,700000,0,rawat jalan,"K29.7 - Gastritis, tanpa perdarahan",K29.7,—,—,M04 x 14 vial; M08 x 10 tablet,kunjungan langsung (tanpa rujukan),"Nyeri ulu hati sejak 3 hari, terasa setelah makan dan minum kopi.",Gastritis tanpa perdarahan; diberikan terapi PPI. Pasien dianjurkan menghindari kopi dan makanan pedas.,"Nyaman dirawat di sini, fasilitas lengkap.",positif,0.65,0,low,0.12,auto_clear,none,,tidak ada sinyal dominan,T 0.05 · F 0.04 · S 0.03,NORMAL: dx K29.7 ditangani konservatif tanpa prosedur (sesuai guideline); biaya Rp700000 dalam rentang median; terapi obat sesuai standar; narasi rekam medis konsisten dengan penagihan; tanpa kontradiksi narasi.,0
KLM065,2026-05-09,RS_F,"D08 (dr. Hendra Maulana, Sp.B)",D08,P01 (Agus Raharjo),P01,6850000,4,rawat inap,K35.8 - Apendisitis akut,K35.8,47.09 - Apendektomi,47.09,M03 x 6 vial; M08 x 12 tablet,"Puskesmas Giri Sehat, Yogyakarta · RJ-2026-364 · 2026-05-08","Nyeri perut kanan bawah sejak 2 hari, disertai mual dan demam.","Apendisitis akut; dilakukan apendektomi. Toleransi oral baik, luka operasi bersih, pasien pulang stabil.","Pelayanan cepat, dokter dan perawat sangat ramah.",positif,0.8,0,low,0.1,auto_clear,none,,tidak ada sinyal dominan,T 0.04 · F 0.03 · S 0.03,NORMAL: dx K35.8 ditangani dengan prosedur 47.09 — pasangan klinis standar; biaya Rp6850000 dalam rentang tarif paket; LOS 4 hari dalam rentang median; obat dispensed sesuai dx; narasi rekam medis konsisten dengan penagihan; tanpa kontradiksi.,0
KLM066,2026-06-20,RS_F,"D08 (dr. Hendra Maulana, Sp.B)",D08,P04 (Dewi Anggraeni),P04,7500000,2,rawat inap,"K40.9 - Hernia inguinalis, tanpa obstruksi",K40.9,53.1 - Reparasi hernia inguinalis,53.1,M03 x 4 vial; M08 x 10 tablet,"Puskesmas Giri Sehat, Yogyakarta · RJ-2026-365 · 2026-06-19",Benjolan di lipatan paha yang membesar saat berdiri dan mengangkat beban.,Reparasi hernia inguinalis dengan mesh. Perawatan post-operatif tanpa komplikasi; hindari mengangkat beban 4 minggu.,Proses administrasi mudah dan ruangan bersih.,positif,0.7,0,low,0.07,auto_clear,none,,tidak ada sinyal dominan,T 0.03 · F 0.02 · S 0.02,NORMAL: dx K40.9 ditangani dengan prosedur 53.1 — pasangan klinis standar; biaya Rp7500000 dalam rentang tarif paket; LOS 2 hari dalam rentang median; obat dispensed sesuai dx; narasi rekam medis konsisten dengan penagihan; tanpa kontradiksi.,0
KLM067,2026-01-04,RS_D,"D04 (dr. Danur Wibisono, ",D04,P07 (Gilang Saputra),P07,59350000,5,rawat inap,"I21.9 - Infark miokard akut, tidak spesifik",I21.9,00.66 - Angioplasti koroner + stent (PCI),00.66,M10 x 14 tablet; M06 x 14 tablet; M07 x 10 tablet,"Puskesmas Cibinong Medika, Bandung · RJ-2026-366 · 2026-01-03","Nyeri dada menjalar ke lengan kiri selama 30 menit, keringat dingin.",Infark miokard; dilakukan PCI dengan 1 stent DES. Pasien pulang dengan terapi antiplatelet ganda dan kontrol kardiologi.,"Saya pulang dengan kondisi membaik, terima kasih atas perawatannya.",positif,0.85,0,low,0.04,auto_clear,none,,tidak ada sinyal dominan,T 0.02 · F 0.01 · S 0.01,NORMAL: dx I21.9 ditangani dengan prosedur 00.66 — pasangan klinis standar; biaya Rp59350000 dalam rentang tarif paket; LOS 5 hari dalam rentang median; obat dispensed sesuai dx; narasi rekam medis konsisten dengan penagihan; tanpa kontradiksi.,0
KLM068,2026-02-15,RS_E,"D09 (dr. Indah Pratiwi, Sp.PD)",D09,P10 (Kartini Ibrahim),P10,3900000,6,rawat inap,"J18.9 - Pneumonia, organisme tidak spesifik",J18.9,—,—,M03 x 8 vial; M05 x 6 nebules,"Puskesmas Bahari Sehat, Makassar · RJ-2026-367 · 2026-02-14","Demam dan batuk berdahak 4 hari, sesak napas saat beraktivitas.","Pneumonia komunitas; antibiotik intravena dan nebulizer. Perbaikan klinis bertahap, pulang setelah perbaikan radiologis.","Pelayanan baik, penjelasan dokter jelas dan mudah dipahami.",positif,0.75,0,low,0.12,auto_clear,none,,tidak ada sinyal dominan,T 0.05 · F 0.04 · S 0.03,NORMAL: dx J18.9 ditangani konservatif tanpa prosedur (sesuai guideline); biaya Rp3900000 dalam rentang median; terapi obat sesuai standar; narasi rekam medis konsisten dengan penagihan; tanpa kontradiksi narasi.,0
KLM069,2026-03-26,RS_A,"D03 (dr. Citra Ayuningtyas, Sp.PD)",D03,P13 (Nadia Rahmawati),P13,1200000,0,rawat jalan,"E11.9 - Diabetes melitus tipe 2, tanpa komplikasi",E11.9,—,—,M01 x 60 tablet; M02 x 14 tablet,kunjungan langsung (tanpa rujukan),Kontrol rutin diabetes; sesekali sering haus dan kesemutan.,"Kontrol DM tipe 2; HbA1c 7,1 persen. Terapi metformin dilanjutkan, edukasi diet dan aktivitas fisik diberikan.",Antrean sangat lama dan tempat parkir sempit.,negatif,-0.4,0,low,0.09,auto_clear,none,,tidak ada sinyal dominan,T 0.04 · F 0.03 · S 0.02,NORMAL: dx E11.9 ditangani konservatif tanpa prosedur (sesuai guideline); biaya Rp1200000 dalam rentang median; terapi obat sesuai standar; narasi rekam medis konsisten dengan penagihan; tanpa kontradiksi narasi.,0
KLM070,2026-04-10,RS_E,"D10 (dr. Joko Purnomo, Sp.S)",D10,P16 (Ratna Dewi),P16,5300000,3,rawat inap,N20.0 - Kalkulus ginjal,N20.0,98.51 - Fragmentasi batu saluran kemih (ESWL),98.51,M08 x 12 tablet; M04 x 5 vial,"Puskesmas Bahari Sehat, Makassar · RJ-2026-369 · 2026-04-09",Nyeri pinggang kolik menjalar ke selangkangan sejak semalam.,"Kolik renal karena kalkulus 8 mm; dilakukan ESWL. Pasien dianjurkan minum 2,5 liter per hari dan kontrol USG.","Cukup membantu, tapi proses administrasi bertele-tele.",netral,0.05,0,low,0.07,auto_clear,none,,tidak ada sinyal dominan,T 0.03 · F 0.02 · S 0.02,NORMAL: dx N20.0 ditangani dengan prosedur 98.51 — pasangan klinis standar; biaya Rp5300000 dalam rentang tarif paket; LOS 3 hari dalam rentang median; obat dispensed sesuai dx; narasi rekam medis konsisten dengan penagihan; tanpa kontradiksi.,0
KLM071,2026-05-21,RS_C,"D05 (dr. Endra Kusuma, Sp.OT)",D05,P19 (Umi Kalsum),P19,49000000,9,rawat inap,"S72.0 - Fraktur kolum femur, tertutup",S72.0,81.52 - Hemiarthroplasty panggul,81.52,M03 x 12 vial; M08 x 20 tablet,"Puskesmas Sehat Medan, Medan · RJ-2026-370 · 2026-05-20","Terjatuh di kamar mandi, tidak dapat berdiri, nyeri hebat pada panggul.","Fraktur kolum femur; dilakukan hemiarthroplasty. Mobilisasi dengan fisioterapi, pulang dengan alat bantu jalan.",Proses administrasi mudah dan ruangan bersih.,positif,0.7,0,low,0.04,auto_clear,none,,tidak ada sinyal dominan,T 0.02 · F 0.01 · S 0.01,NORMAL: dx S72.0 ditangani dengan prosedur 81.52 — pasangan klinis standar; biaya Rp49000000 dalam rentang tarif paket; LOS 9 hari dalam rentang median; obat dispensed sesuai dx; narasi rekam medis konsisten dengan penagihan; tanpa kontradiksi.,0
KLM072,2026-06-05,RS_F,"D12 (dr. Lina Marlina, Sp.OG)",D12,P02 (Bunga Lestari),P02,3750000,2,rawat inap,O80 - Persalinan tunggal spontan,O80,—,—,M08 x 12 tablet,"Puskesmas Giri Sehat, Yogyakarta · RJ-2026-371 · 2026-06-04",Kontraksi teratur setelah usia kehamilan cukup bulan.,"Persalinan spontan pervaginam; bayi lahir cukup bulan 3.100 gram, APGAR 9/10. Ibu dan bayi kondisi baik.","Saya pulang dengan kondisi membaik, terima kasih atas perawatannya.",positif,0.85,0,low,0.11,auto_clear,none,,tidak ada sinyal dominan,T 0.04 · F 0.04 · S 0.03,NORMAL: dx O80 ditangani konservatif tanpa prosedur (sesuai guideline); biaya Rp3750000 dalam rentang median; terapi obat sesuai standar; narasi rekam medis konsisten dengan penagihan; tanpa kontradiksi narasi.,0
KLM073,2026-01-16,RS_A,"D02 (dr. Barli Soemarno, Sp.B)",D02,P05 (Eka Putri),P05,15500000,4,rawat inap,"K80.2 - Kolelitiasis, tanpa kolesistitis",K80.2,51.23 - Kolesistektomi laparoskopik,51.23,M03 x 6 vial; M04 x 7 vial,"Puskesmas Sehat Sentosa, Jakarta Selatan · RJ-2026-372 · 2026-01-15","Nyeri perut kanan atas berulang, terasa setelah makan berlemak.","Kolelitiasis; dilakukan kolesistektomi laparoskopik. Toleransi oral baik, pasien pulang dengan kontrol poliklinik.","Pelayanan baik, penjelasan dokter jelas dan mudah dipahami.",positif,0.75,0,low,0.09,auto_clear,none,,tidak ada sinyal dominan,T 0.04 · F 0.03 · S 0.02,NORMAL: dx K80.2 ditangani dengan prosedur 51.23 — pasangan klinis standar; biaya Rp15500000 dalam rentang tarif paket; LOS 4 hari dalam rentang median; obat dispensed sesuai dx; narasi rekam medis konsisten dengan penagihan; tanpa kontradiksi.,0
KLM074,2026-02-27,RS_B,"D07 (dr. Gunawan Halim, Sp.B)",D07,P08 (Maryam Yusuf),P08,750000,1,rawat jalan,"K29.7 - Gastritis, tanpa perdarahan",K29.7,—,—,M04 x 14 vial; M08 x 10 tablet,kunjungan langsung (tanpa rujukan),"Nyeri ulu hati sejak 3 hari, terasa setelah makan dan minum kopi.",Gastritis tanpa perdarahan; diberikan terapi PPI. Pasien dianjurkan menghindari kopi dan makanan pedas.,"Nyaman dirawat di sini, fasilitas lengkap.",positif,0.65,0,low,0.06,auto_clear,none,,tidak ada sinyal dominan,T 0.02 · F 0.02 · S 0.02,NORMAL: dx K29.7 ditangani konservatif tanpa prosedur (sesuai guideline); biaya Rp750000 dalam rentang median; terapi obat sesuai standar; narasi rekam medis konsisten dengan penagihan; tanpa kontradiksi narasi.,0
KLM075,2026-03-11,RS_F,"D08 (dr. Hendra Maulana, Sp.B)",D08,P11 (Lukman Sutrisno),P11,7400000,2,rawat inap,K35.8 - Apendisitis akut,K35.8,47.09 - Apendektomi,47.09,M03 x 6 vial; M08 x 12 tablet,"Puskesmas Giri Sehat, Yogyakarta · RJ-2026-374 · 2026-03-10","Nyeri perut kanan bawah sejak 2 hari, disertai mual dan demam.","Apendisitis akut; dilakukan apendektomi. Toleransi oral baik, luka operasi bersih, pasien pulang stabil.","Pelayanan cepat, dokter dan perawat sangat ramah.",positif,0.8,0,low,0.14,auto_clear,none,,tidak ada sinyal dominan,T 0.06 · F 0.05 · S 0.03,NORMAL: dx K35.8 ditangani dengan prosedur 47.09 — pasangan klinis standar; biaya Rp7400000 dalam rentang tarif paket; LOS 2 hari dalam rentang median; obat dispensed sesuai dx; narasi rekam medis konsisten dengan penagihan; tanpa kontradiksi.,0
KLM076,2026-04-22,RS_F,"D08 (dr. Hendra Maulana, Sp.B)",D08,P14 (Odi Setiawan),P14,8150000,3,rawat inap,"K40.9 - Hernia inguinalis, tanpa obstruksi",K40.9,53.1 - Reparasi hernia inguinalis,53.1,M03 x 4 vial; M08 x 10 tablet,"Puskesmas Giri Sehat, Yogyakarta · RJ-2026-375 · 2026-04-21",Benjolan di lipatan paha yang membesar saat berdiri dan mengangkat beban.,Reparasi hernia inguinalis dengan mesh. Perawatan post-operatif tanpa komplikasi; hindari mengangkat beban 4 minggu.,Proses administrasi mudah dan ruangan bersih.,positif,0.7,0,low,0.11,auto_clear,none,,tidak ada sinyal dominan,T 0.04 · F 0.04 · S 0.03,NORMAL: dx K40.9 ditangani dengan prosedur 53.1 — pasangan klinis standar; biaya Rp8150000 dalam rentang tarif paket; LOS 3 hari dalam rentang median; obat dispensed sesuai dx; narasi rekam medis konsisten dengan penagihan; tanpa kontradiksi.,0
KLM077,2026-05-06,RS_D,"D04 (dr. Danur Wibisono, ",D04,P17 (Slamet Riyadi),P17,52200000,6,rawat inap,"I21.9 - Infark miokard akut, tidak spesifik",I21.9,00.66 - Angioplasti koroner + stent (PCI),00.66,M10 x 14 tablet; M06 x 14 tablet; M07 x 10 tablet,"Puskesmas Cibinong Medika, Bandung · RJ-2026-376 · 2026-05-05","Nyeri dada menjalar ke lengan kiri selama 30 menit, keringat dingin.",Infark miokard; dilakukan PCI dengan 1 stent DES. Pasien pulang dengan terapi antiplatelet ganda dan kontrol kardiologi.,"Pelayanan standar, antrean cukup panjang.",netral,0.1,0,low,0.08,auto_clear,none,,tidak ada sinyal dominan,T 0.03 · F 0.03 · S 0.02,NORMAL: dx I21.9 ditangani dengan prosedur 00.66 — pasangan klinis standar; biaya Rp52200000 dalam rentang tarif paket; LOS 6 hari dalam rentang median; obat dispensed sesuai dx; narasi rekam medis konsisten dengan penagihan; tanpa kontradiksi.,0
KLM078,2026-06-17,RS_E,"D09 (dr. Indah Pratiwi, Sp.PD)",D09,P20 (Wahyu Nugraha),P20,4250000,4,rawat inap,"J18.9 - Pneumonia, organisme tidak spesifik",J18.9,—,—,M03 x 8 vial; M05 x 6 nebules,"Puskesmas Bahari Sehat, Makassar · RJ-2026-377 · 2026-06-16","Demam dan batuk berdahak 4 hari, sesak napas saat beraktivitas.","Pneumonia komunitas; antibiotik intravena dan nebulizer. Perbaikan klinis bertahap, pulang setelah perbaikan radiologis.","Pelayanan baik, penjelasan dokter jelas dan mudah dipahami.",positif,0.75,0,low,0.06,auto_clear,none,,tidak ada sinyal dominan,T 0.02 · F 0.02 · S 0.02,NORMAL: dx J18.9 ditangani konservatif tanpa prosedur (sesuai guideline); biaya Rp4250000 dalam rentang median; terapi obat sesuai standar; narasi rekam medis konsisten dengan penagihan; tanpa kontradiksi narasi.,0
KLM079,2026-01-01,RS_A,"D03 (dr. Citra Ayuningtyas, Sp.PD)",D03,P03 (Candra Wijaya),P03,1050000,0,rawat jalan,"E11.9 - Diabetes melitus tipe 2, tanpa komplikasi",E11.9,—,—,M01 x 60 tablet; M02 x 14 tablet,kunjungan langsung (tanpa rujukan),Kontrol rutin diabetes; sesekali sering haus dan kesemutan.,"Kontrol DM tipe 2; HbA1c 7,1 persen. Terapi metformin dilanjutkan, edukasi diet dan aktivitas fisik diberikan.","Nyaman dirawat di sini, fasilitas lengkap.",positif,0.65,0,low,0.13,auto_clear,none,,tidak ada sinyal dominan,T 0.05 · F 0.05 · S 0.03,NORMAL: dx E11.9 ditangani konservatif tanpa prosedur (sesuai guideline); biaya Rp1050000 dalam rentang median; terapi obat sesuai standar; narasi rekam medis konsisten dengan penagihan; tanpa kontradiksi narasi.,0
KLM080,2026-02-12,RS_E,"D10 (dr. Joko Purnomo, Sp.S)",D10,P06 (Fajar Nugroho),P06,5750000,4,rawat inap,N20.0 - Kalkulus ginjal,N20.0,98.51 - Fragmentasi batu saluran kemih (ESWL),98.51,M08 x 12 tablet; M04 x 5 vial,"Puskesmas Bahari Sehat, Makassar · RJ-2026-379 · 2026-02-11",Nyeri pinggang kolik menjalar ke selangkangan sejak semalam.,"Kolik renal karena kalkulus 8 mm; dilakukan ESWL. Pasien dianjurkan minum 2,5 liter per hari dan kontrol USG.","Pelayanan cepat, dokter dan perawat sangat ramah.",positif,0.8,0,low,0.11,auto_clear,none,,tidak ada sinyal dominan,T 0.04 · F 0.04 · S 0.03,NORMAL: dx N20.0 ditangani dengan prosedur 98.51 — pasangan klinis standar; biaya Rp5750000 dalam rentang tarif paket; LOS 4 hari dalam rentang median; obat dispensed sesuai dx; narasi rekam medis konsisten dengan penagihan; tanpa kontradiksi.,0
KLM081,2026-03-23,RS_C,"D05 (dr. Endra Kusuma, Sp.OT)",D05,P09 (Idrus Hakim),P09,43300000,7,rawat inap,"S72.0 - Fraktur kolum femur, tertutup",S72.0,81.52 - Hemiarthroplasty panggul,81.52,M03 x 12 vial; M08 x 20 tablet,"Puskesmas Sehat Medan, Medan · RJ-2026-380 · 2026-03-22","Terjatuh di kamar mandi, tidak dapat berdiri, nyeri hebat pada panggul.","Fraktur kolum femur; dilakukan hemiarthroplasty. Mobilisasi dengan fisioterapi, pulang dengan alat bantu jalan.",Proses administrasi mudah dan ruangan bersih.,positif,0.7,0,low,0.08,auto_clear,none,,tidak ada sinyal dominan,T 0.03 · F 0.03 · S 0.02,NORMAL: dx S72.0 ditangani dengan prosedur 81.52 — pasangan klinis standar; biaya Rp43300000 dalam rentang tarif paket; LOS 7 hari dalam rentang median; obat dispensed sesuai dx; narasi rekam medis konsisten dengan penagihan; tanpa kontradiksi.,0
KLM082,2026-04-07,RS_F,"D12 (dr. Lina Marlina, Sp.OG)",D12,P12 (Maya Sari),P12,4050000,2,rawat inap,O80 - Persalinan tunggal spontan,O80,—,—,M08 x 12 tablet,"Puskesmas Giri Sehat, Yogyakarta · RJ-2026-381 · 2026-04-06",Kontraksi teratur setelah usia kehamilan cukup bulan.,"Persalinan spontan pervaginam; bayi lahir cukup bulan 3.100 gram, APGAR 9/10. Ibu dan bayi kondisi baik.",Kebersihan kamar mandi kurang terjaga.,negatif,-0.35,0,low,0.05,auto_clear,none,,tidak ada sinyal dominan,T 0.02 · F 0.02 · S 0.01,NORMAL: dx O80 ditangani konservatif tanpa prosedur (sesuai guideline); biaya Rp4050000 dalam rentang median; terapi obat sesuai standar; narasi rekam medis konsisten dengan penagihan; tanpa kontradiksi narasi.,0
KLM083,2026-05-18,RS_A,"D02 (dr. Barli Soemarno, Sp.B)",D02,P15 (Purnama Sidik),P15,13700000,5,rawat inap,"K80.2 - Kolelitiasis, tanpa kolesistitis",K80.2,51.23 - Kolesistektomi laparoskopik,51.23,M03 x 6 vial; M04 x 7 vial,"Puskesmas Sehat Sentosa, Jakarta Selatan · RJ-2026-382 · 2026-05-17","Nyeri perut kanan atas berulang, terasa setelah makan berlemak.","Kolelitiasis; dilakukan kolesistektomi laparoskopik. Toleransi oral baik, pasien pulang dengan kontrol poliklinik.","Pelayanan baik, penjelasan dokter jelas dan mudah dipahami.",positif,0.75,0,low,0.13,auto_clear,none,,tidak ada sinyal dominan,T 0.05 · F 0.05 · S 0.03,NORMAL: dx K80.2 ditangani dengan prosedur 51.23 — pasangan klinis standar; biaya Rp13700000 dalam rentang tarif paket; LOS 5 hari dalam rentang median; obat dispensed sesuai dx; narasi rekam medis konsisten dengan penagihan; tanpa kontradiksi.,0
KLM084,2026-06-02,RS_B,"D07 (dr. Gunawan Halim, Sp.B)",D07,P18 (Tarmizi Karim),P18,800000,0,rawat jalan,"K29.7 - Gastritis, tanpa perdarahan",K29.7,—,—,M04 x 14 vial; M08 x 10 tablet,kunjungan langsung (tanpa rujukan),"Nyeri ulu hati sejak 3 hari, terasa setelah makan dan minum kopi.",Gastritis tanpa perdarahan; diberikan terapi PPI. Pasien dianjurkan menghindari kopi dan makanan pedas.,"Cukup membantu, tapi proses administrasi bertele-tele.",netral,0.05,0,low,0.1,auto_clear,none,,tidak ada sinyal dominan,T 0.04 · F 0.03 · S 0.03,NORMAL: dx K29.7 ditangani konservatif tanpa prosedur (sesuai guideline); biaya Rp800000 dalam rentang median; terapi obat sesuai standar; narasi rekam medis konsisten dengan penagihan; tanpa kontradiksi narasi.,0
KLM085,2026-01-13,RS_F,"D08 (dr. Hendra Maulana, Sp.B)",D08,P01 (Agus Raharjo),P01,6550000,3,rawat inap,K35.8 - Apendisitis akut,K35.8,47.09 - Apendektomi,47.09,M03 x 6 vial; M08 x 12 tablet,"Puskesmas Giri Sehat, Yogyakarta · RJ-2026-384 · 2026-01-12","Nyeri perut kanan bawah sejak 2 hari, disertai mual dan demam.","Apendisitis akut; dilakukan apendektomi. Toleransi oral baik, luka operasi bersih, pasien pulang stabil.","Pelayanan cepat, dokter dan perawat sangat ramah.",positif,0.8,0,low,0.07,auto_clear,none,,tidak ada sinyal dominan,T 0.03 · F 0.02 · S 0.02,NORMAL: dx K35.8 ditangani dengan prosedur 47.09 — pasangan klinis standar; biaya Rp6550000 dalam rentang tarif paket; LOS 3 hari dalam rentang median; obat dispensed sesuai dx; narasi rekam medis konsisten dengan penagihan; tanpa kontradiksi.,0
KLM086,2026-02-24,RS_F,"D08 (dr. Hendra Maulana, Sp.B)",D08,P04 (Dewi Anggraeni),P04,8750000,4,rawat inap,"K40.9 - Hernia inguinalis, tanpa obstruksi",K40.9,53.1 - Reparasi hernia inguinalis,53.1,M03 x 4 vial; M08 x 10 tablet,"Puskesmas Giri Sehat, Yogyakarta · RJ-2026-385 · 2026-02-23",Benjolan di lipatan paha yang membesar saat berdiri dan mengangkat beban.,Reparasi hernia inguinalis dengan mesh. Perawatan post-operatif tanpa komplikasi; hindari mengangkat beban 4 minggu.,Proses administrasi mudah dan ruangan bersih.,positif,0.7,0,low,0.05,auto_clear,none,,tidak ada sinyal dominan,T 0.02 · F 0.02 · S 0.01,NORMAL: dx K40.9 ditangani dengan prosedur 53.1 — pasangan klinis standar; biaya Rp8750000 dalam rentang tarif paket; LOS 4 hari dalam rentang median; obat dispensed sesuai dx; narasi rekam medis konsisten dengan penagihan; tanpa kontradiksi.,0
KLM087,2026-03-08,RS_D,"D04 (dr. Danur Wibisono, ",D04,P07 (Gilang Saputra),P07,56650000,4,rawat inap,"I21.9 - Infark miokard akut, tidak spesifik",I21.9,00.66 - Angioplasti koroner + stent (PCI),00.66,M10 x 14 tablet; M06 x 14 tablet; M07 x 10 tablet,"Puskesmas Cibinong Medika, Bandung · RJ-2026-386 · 2026-03-07","Nyeri dada menjalar ke lengan kiri selama 30 menit, keringat dingin.",Infark miokard; dilakukan PCI dengan 1 stent DES. Pasien pulang dengan terapi antiplatelet ganda dan kontrol kardiologi.,"Saya pulang dengan kondisi membaik, terima kasih atas perawatannya.",positif,0.85,0,low,0.12,auto_clear,none,,tidak ada sinyal dominan,T 0.05 · F 0.04 · S 0.03,NORMAL: dx I21.9 ditangani dengan prosedur 00.66 — pasangan klinis standar; biaya Rp56650000 dalam rentang tarif paket; LOS 4 hari dalam rentang median; obat dispensed sesuai dx; narasi rekam medis konsisten dengan penagihan; tanpa kontradiksi.,0
KLM088,2026-04-19,RS_E,"D09 (dr. Indah Pratiwi, Sp.PD)",D09,P10 (Kartini Ibrahim),P10,4550000,5,rawat inap,"J18.9 - Pneumonia, organisme tidak spesifik",J18.9,—,—,M03 x 8 vial; M05 x 6 nebules,"Puskesmas Bahari Sehat, Makassar · RJ-2026-387 · 2026-04-18","Demam dan batuk berdahak 4 hari, sesak napas saat beraktivitas.","Pneumonia komunitas; antibiotik intravena dan nebulizer. Perbaikan klinis bertahap, pulang setelah perbaikan radiologis.","Pelayanan baik, penjelasan dokter jelas dan mudah dipahami.",positif,0.75,0,low,0.1,auto_clear,none,,tidak ada sinyal dominan,T 0.04 · F 0.03 · S 0.03,NORMAL: dx J18.9 ditangani konservatif tanpa prosedur (sesuai guideline); biaya Rp4550000 dalam rentang median; terapi obat sesuai standar; narasi rekam medis konsisten dengan penagihan; tanpa kontradiksi narasi.,0
KLM089,2026-05-03,RS_A,"D03 (dr. Citra Ayuningtyas, Sp.PD)",D03,P13 (Nadia Rahmawati),P13,1150000,1,rawat jalan,"E11.9 - Diabetes melitus tipe 2, tanpa komplikasi",E11.9,—,—,M01 x 60 tablet; M02 x 14 tablet,kunjungan langsung (tanpa rujukan),Kontrol rutin diabetes; sesekali sering haus dan kesemutan.,"Kontrol DM tipe 2; HbA1c 7,1 persen. Terapi metformin dilanjutkan, edukasi diet dan aktivitas fisik diberikan.","Nyaman dirawat di sini, fasilitas lengkap.",positif,0.65,0,low,0.07,auto_clear,none,,tidak ada sinyal dominan,T 0.03 · F 0.02 · S 0.02,NORMAL: dx E11.9 ditangani konservatif tanpa prosedur (sesuai guideline); biaya Rp1150000 dalam rentang median; terapi obat sesuai standar; narasi rekam medis konsisten dengan penagihan; tanpa kontradiksi narasi.,0
KLM090,2026-06-14,RS_E,"D10 (dr. Joko Purnomo, Sp.S)",D10,P16 (Ratna Dewi),P16,5050000,2,rawat inap,N20.0 - Kalkulus ginjal,N20.0,98.51 - Fragmentasi batu saluran kemih (ESWL),98.51,M08 x 12 tablet; M04 x 5 vial,"Puskesmas Bahari Sehat, Makassar · RJ-2026-389 · 2026-06-13",Nyeri pinggang kolik menjalar ke selangkangan sejak semalam.,"Kolik renal karena kalkulus 8 mm; dilakukan ESWL. Pasien dianjurkan minum 2,5 liter per hari dan kontrol USG.","Pelayanan cepat, dokter dan perawat sangat ramah.",positif,0.8,0,low,0.04,auto_clear,none,,tidak ada sinyal dominan,T 0.02 · F 0.01 · S 0.01,NORMAL: dx N20.0 ditangani dengan prosedur 98.51 — pasangan klinis standar; biaya Rp5050000 dalam rentang tarif paket; LOS 2 hari dalam rentang median; obat dispensed sesuai dx; narasi rekam medis konsisten dengan penagihan; tanpa kontradiksi.,0
KLM091,2026-01-25,RS_C,"D05 (dr. Endra Kusuma, Sp.OT)",D05,P19 (Umi Kalsum),P19,46850000,8,rawat inap,"S72.0 - Fraktur kolum femur, tertutup",S72.0,81.52 - Hemiarthroplasty panggul,81.52,M03 x 12 vial; M08 x 20 tablet,"Puskesmas Sehat Medan, Medan · RJ-2026-390 · 2026-01-24","Terjatuh di kamar mandi, tidak dapat berdiri, nyeri hebat pada panggul.","Fraktur kolum femur; dilakukan hemiarthroplasty. Mobilisasi dengan fisioterapi, pulang dengan alat bantu jalan.","Pelayanan standar, antrean cukup panjang.",netral,0.1,0,low,0.12,auto_clear,none,,tidak ada sinyal dominan,T 0.05 · F 0.04 · S 0.03,NORMAL: dx S72.0 ditangani dengan prosedur 81.52 — pasangan klinis standar; biaya Rp46850000 dalam rentang tarif paket; LOS 8 hari dalam rentang median; obat dispensed sesuai dx; narasi rekam medis konsisten dengan penagihan; tanpa kontradiksi.,0
KLM092,2026-02-09,RS_F,"D12 (dr. Lina Marlina, Sp.OG)",D12,P02 (Bunga Lestari),P02,3550000,3,rawat inap,O80 - Persalinan tunggal spontan,O80,—,—,M08 x 12 tablet,"Puskesmas Giri Sehat, Yogyakarta · RJ-2026-391 · 2026-02-08",Kontraksi teratur setelah usia kehamilan cukup bulan.,"Persalinan spontan pervaginam; bayi lahir cukup bulan 3.100 gram, APGAR 9/10. Ibu dan bayi kondisi baik.","Saya pulang dengan kondisi membaik, terima kasih atas perawatannya.",positif,0.85,0,low,0.09,auto_clear,none,,tidak ada sinyal dominan,T 0.04 · F 0.03 · S 0.02,NORMAL: dx O80 ditangani konservatif tanpa prosedur (sesuai guideline); biaya Rp3550000 dalam rentang median; terapi obat sesuai standar; narasi rekam medis konsisten dengan penagihan; tanpa kontradiksi narasi.,0
KLM093,2026-03-20,RS_A,"D02 (dr. Barli Soemarno, Sp.B)",D02,P05 (Eka Putri),P05,14850000,3,rawat inap,"K80.2 - Kolelitiasis, tanpa kolesistitis",K80.2,51.23 - Kolesistektomi laparoskopik,51.23,M03 x 6 vial; M04 x 7 vial,"Puskesmas Sehat Sentosa, Jakarta Selatan · RJ-2026-392 · 2026-03-19","Nyeri perut kanan atas berulang, terasa setelah makan berlemak.","Kolelitiasis; dilakukan kolesistektomi laparoskopik. Toleransi oral baik, pasien pulang dengan kontrol poliklinik.","Pelayanan baik, penjelasan dokter jelas dan mudah dipahami.",positif,0.75,0,low,0.07,auto_clear,none,,tidak ada sinyal dominan,T 0.03 · F 0.02 · S 0.02,NORMAL: dx K80.2 ditangani dengan prosedur 51.23 — pasangan klinis standar; biaya Rp14850000 dalam rentang tarif paket; LOS 3 hari dalam rentang median; obat dispensed sesuai dx; narasi rekam medis konsisten dengan penagihan; tanpa kontradiksi.,0
KLM094,2026-04-04,RS_B,"D07 (dr. Gunawan Halim, Sp.B)",D07,P08 (Maryam Yusuf),P08,700000,0,rawat jalan,"K29.7 - Gastritis, tanpa perdarahan",K29.7,—,—,M04 x 14 vial; M08 x 10 tablet,kunjungan langsung (tanpa rujukan),"Nyeri ulu hati sejak 3 hari, terasa setelah makan dan minum kopi.",Gastritis tanpa perdarahan; diberikan terapi PPI. Pasien dianjurkan menghindari kopi dan makanan pedas.,"Nyaman dirawat di sini, fasilitas lengkap.",positif,0.65,0,low,0.04,auto_clear,none,,tidak ada sinyal dominan,T 0.02 · F 0.01 · S 0.01,NORMAL: dx K29.7 ditangani konservatif tanpa prosedur (sesuai guideline); biaya Rp700000 dalam rentang median; terapi obat sesuai standar; narasi rekam medis konsisten dengan penagihan; tanpa kontradiksi narasi.,0
KLM095,2026-05-15,RS_F,"D08 (dr. Hendra Maulana, Sp.B)",D08,P11 (Lukman Sutrisno),P11,7050000,4,rawat inap,K35.8 - Apendisitis akut,K35.8,47.09 - Apendektomi,47.09,M03 x 6 vial; M08 x 12 tablet,"Puskesmas Giri Sehat, Yogyakarta · RJ-2026-394 · 2026-05-14","Nyeri perut kanan bawah sejak 2 hari, disertai mual dan demam.","Apendisitis akut; dilakukan apendektomi. Toleransi oral baik, luka operasi bersih, pasien pulang stabil.",Antrean sangat lama dan tempat parkir sempit.,negatif,-0.4,0,low,0.11,auto_clear,none,,tidak ada sinyal dominan,T 0.04 · F 0.04 · S 0.03,NORMAL: dx K35.8 ditangani dengan prosedur 47.09 — pasangan klinis standar; biaya Rp7050000 dalam rentang tarif paket; LOS 4 hari dalam rentang median; obat dispensed sesuai dx; narasi rekam medis konsisten dengan penagihan; tanpa kontradiksi.,0
KLM096,2026-06-26,RS_F,"D08 (dr. Hendra Maulana, Sp.B)",D08,P14 (Odi Setiawan),P14,7750000,2,rawat inap,"K40.9 - Hernia inguinalis, tanpa obstruksi",K40.9,53.1 - Reparasi hernia inguinalis,53.1,M03 x 4 vial; M08 x 10 tablet,"Puskesmas Giri Sehat, Yogyakarta · RJ-2026-395 · 2026-06-25",Benjolan di lipatan paha yang membesar saat berdiri dan mengangkat beban.,Reparasi hernia inguinalis dengan mesh. Perawatan post-operatif tanpa komplikasi; hindari mengangkat beban 4 minggu.,Proses administrasi mudah dan ruangan bersih.,positif,0.7,0,low,0.09,auto_clear,none,,tidak ada sinyal dominan,T 0.04 · F 0.03 · S 0.02,NORMAL: dx K40.9 ditangani dengan prosedur 53.1 — pasangan klinis standar; biaya Rp7750000 dalam rentang tarif paket; LOS 2 hari dalam rentang median; obat dispensed sesuai dx; narasi rekam medis konsisten dengan penagihan; tanpa kontradiksi.,0
KLM097,2026-01-10,RS_D,"D04 (dr. Danur Wibisono, ",D04,P17 (Slamet Riyadi),P17,61100000,5,rawat inap,"I21.9 - Infark miokard akut, tidak spesifik",I21.9,00.66 - Angioplasti koroner + stent (PCI),00.66,M10 x 14 tablet; M06 x 14 tablet; M07 x 10 tablet,"Puskesmas Cibinong Medika, Bandung · RJ-2026-396 · 2026-01-09","Nyeri dada menjalar ke lengan kiri selama 30 menit, keringat dingin.",Infark miokard; dilakukan PCI dengan 1 stent DES. Pasien pulang dengan terapi antiplatelet ganda dan kontrol kardiologi.,"Saya pulang dengan kondisi membaik, terima kasih atas perawatannya.",positif,0.85,0,low,0.06,auto_clear,none,,tidak ada sinyal dominan,T 0.02 · F 0.02 · S 0.02,NORMAL: dx I21.9 ditangani dengan prosedur 00.66 — pasangan klinis standar; biaya Rp61100000 dalam rentang tarif paket; LOS 5 hari dalam rentang median; obat dispensed sesuai dx; narasi rekam medis konsisten dengan penagihan; tanpa kontradiksi.,0
KLM098,2026-02-21,RS_E,"D09 (dr. Indah Pratiwi, Sp.PD)",D09,P20 (Wahyu Nugraha),P20,4050000,6,rawat inap,"J18.9 - Pneumonia, organisme tidak spesifik",J18.9,—,—,M03 x 8 vial; M05 x 6 nebules,"Puskesmas Bahari Sehat, Makassar · RJ-2026-397 · 2026-02-20","Demam dan batuk berdahak 4 hari, sesak napas saat beraktivitas.","Pneumonia komunitas; antibiotik intravena dan nebulizer. Perbaikan klinis bertahap, pulang setelah perbaikan radiologis.","Cukup membantu, tapi proses administrasi bertele-tele.",netral,0.05,0,low,0.14,auto_clear,none,,tidak ada sinyal dominan,T 0.06 · F 0.05 · S 0.03,NORMAL: dx J18.9 ditangani konservatif tanpa prosedur (sesuai guideline); biaya Rp4050000 dalam rentang median; terapi obat sesuai standar; narasi rekam medis konsisten dengan penagihan; tanpa kontradiksi narasi.,0
KLM099,2026-03-05,RS_A,"D03 (dr. Citra Ayuningtyas, Sp.PD)",D03,P03 (Candra Wijaya),P03,1250000,0,rawat jalan,"E11.9 - Diabetes melitus tipe 2, tanpa komplikasi",E11.9,—,—,M01 x 60 tablet; M02 x 14 tablet,kunjungan langsung (tanpa rujukan),Kontrol rutin diabetes; sesekali sering haus dan kesemutan.,"Kontrol DM tipe 2; HbA1c 7,1 persen. Terapi metformin dilanjutkan, edukasi diet dan aktivitas fisik diberikan.","Nyaman dirawat di sini, fasilitas lengkap.",positif,0.65,0,low,0.11,auto_clear,none,,tidak ada sinyal dominan,T 0.04 · F 0.04 · S 0.03,NORMAL: dx E11.9 ditangani konservatif tanpa prosedur (sesuai guideline); biaya Rp1250000 dalam rentang median; terapi obat sesuai standar; narasi rekam medis konsisten dengan penagihan; tanpa kontradiksi narasi.,0
KLM100,2026-04-16,RS_E,"D10 (dr. Joko Purnomo, Sp.S)",D10,P06 (Fajar Nugroho),P06,5450000,3,rawat inap,N20.0 - Kalkulus ginjal,N20.0,98.51 - Fragmentasi batu saluran kemih (ESWL),98.51,M08 x 12 tablet; M04 x 5 vial,"Puskesmas Bahari Sehat, Makassar · RJ-2026-399 · 2026-04-15",Nyeri pinggang kolik menjalar ke selangkangan sejak semalam.,"Kolik renal karena kalkulus 8 mm; dilakukan ESWL. Pasien dianjurkan minum 2,5 liter per hari dan kontrol USG.","Pelayanan cepat, dokter dan perawat sangat ramah.",positif,0.8,0,low,0.08,auto_clear,none,,tidak ada sinyal dominan,T 0.03 · F 0.03 · S 0.02,NORMAL: dx N20.0 ditangani dengan prosedur 98.51 — pasangan klinis standar; biaya Rp5450000 dalam rentang tarif paket; LOS 3 hari dalam rentang median; obat dispensed sesuai dx; narasi rekam medis konsisten dengan penagihan; tanpa kontradiksi.,0
KLM101,2026-03-09,RS_G,"D13 (dr. Mulyadi Santoso, Sp.B)",D13,P21 (Rahmat Fauzi),P21,15400000,3,rawat inap,"K80.2 - Kolelitiasis, tanpa kolesistitis",K80.2,51.23 - Kolesistektomi laparoskopik,51.23,M03 x 6 vial; M04 x 7 vial,"Puskesmas Tlogo Sehat, Semarang · RJ-2026-401 · 2026-03-08","Nyeri perut kanan atas berulang, terasa setelah makan berlemak.","Kolelitiasis; dilakukan kolesistektomi laparoskopik. Toleransi oral baik, pasien pulang dengan kontrol poliklinik.","Saya bingung, tagihan operasi saya muncul dua kali dengan nilai sama.",negatif,-0.6,0,fraud,0.92,escalate,SYND-06,repeat_billing,"dua klaim identik sempurna (tanggal, dx, prosedur, biaya) untuk pasien sama dalam satu episode — duplikasi tagihan (repeat billing)",T 0.30 · F 0.34 · S 0.28,"FRAUD (Repeat Billing): satu episode operasi kolesistektomi ditagih dua kali dengan baris klaim identik sempurna (tanggal, dx, prosedur, biaya). Episode rawat inap paket INA-CBG hanya boleh diklaim satu kali; duplikasi identik bukan kesalahan administrasi karena seluruh komponen cocok 100%.",1
KLM102,2026-03-09,RS_G,"D13 (dr. Mulyadi Santoso, Sp.B)",D13,P21 (Rahmat Fauzi),P21,15400000,3,rawat inap,"K80.2 - Kolelitiasis, tanpa kolesistitis",K80.2,51.23 - Kolesistektomi laparoskopik,51.23,M03 x 6 vial; M04 x 7 vial,"Puskesmas Tlogo Sehat, Semarang · RJ-2026-401 · 2026-03-08","Nyeri perut kanan atas berulang, terasa setelah makan berlemak.","Kolelitiasis; dilakukan kolesistektomi laparoskopik. Toleransi oral baik, pasien pulang dengan kontrol poliklinik.","Saya bingung, tagihan operasi saya muncul dua kali dengan nilai sama.",negatif,-0.6,0,fraud,0.91,escalate,SYND-06,repeat_billing,"dua klaim identik sempurna (tanggal, dx, prosedur, biaya) untuk pasien sama dalam satu episode — duplikasi tagihan (repeat billing)",T 0.30 · F 0.34 · S 0.28,"FRAUD (Repeat Billing): satu episode operasi kolesistektomi ditagih dua kali dengan baris klaim identik sempurna (tanggal, dx, prosedur, biaya). Episode rawat inap paket INA-CBG hanya boleh diklaim satu kali; duplikasi identik bukan kesalahan administrasi karena seluruh komponen cocok 100%.",1
KLM103,2026-03-10,RS_G,"D13 (dr. Mulyadi Santoso, Sp.B)",D13,P22 (Sri Wahyuni),P22,15400000,3,rawat inap,"K80.2 - Kolelitiasis, tanpa kolesistitis",K80.2,51.23 - Kolesistektomi laparoskopik,51.23,M03 x 6 vial; M04 x 7 vial,"Puskesmas Tlogo Sehat, Semarang · RJ-2026-402 · 2026-03-09","Nyeri perut kanan atas berulang, terasa setelah makan berlemak.","Kolelitiasis; dilakukan kolesistektomi laparoskopik. Toleransi oral baik, pasien pulang dengan kontrol poliklinik.","Saya bingung, tagihan operasi saya muncul dua kali dengan nilai sama.",negatif,-0.6,0,fraud,0.9,escalate,SYND-06,repeat_billing,"dua klaim identik sempurna (tanggal, dx, prosedur, biaya) untuk pasien sama dalam satu episode — duplikasi tagihan (repeat billing)",T 0.30 · F 0.34 · S 0.28,"FRAUD (Repeat Billing): satu episode operasi kolesistektomi ditagih dua kali dengan baris klaim identik sempurna (tanggal, dx, prosedur, biaya). Episode rawat inap paket INA-CBG hanya boleh diklaim satu kali; duplikasi identik bukan kesalahan administrasi karena seluruh komponen cocok 100%.",1
KLM104,2026-03-10,RS_G,"D13 (dr. Mulyadi Santoso, Sp.B)",D13,P22 (Sri Wahyuni),P22,15400000,3,rawat inap,"K80.2 - Kolelitiasis, tanpa kolesistitis",K80.2,51.23 - Kolesistektomi laparoskopik,51.23,M03 x 6 vial; M04 x 7 vial,"Puskesmas Tlogo Sehat, Semarang · RJ-2026-402 · 2026-03-09","Nyeri perut kanan atas berulang, terasa setelah makan berlemak.","Kolelitiasis; dilakukan kolesistektomi laparoskopik. Toleransi oral baik, pasien pulang dengan kontrol poliklinik.","Saya bingung, tagihan operasi saya muncul dua kali dengan nilai sama.",negatif,-0.6,0,fraud,0.89,escalate,SYND-06,repeat_billing,"dua klaim identik sempurna (tanggal, dx, prosedur, biaya) untuk pasien sama dalam satu episode — duplikasi tagihan (repeat billing)",T 0.30 · F 0.34 · S 0.28,"FRAUD (Repeat Billing): satu episode operasi kolesistektomi ditagih dua kali dengan baris klaim identik sempurna (tanggal, dx, prosedur, biaya). Episode rawat inap paket INA-CBG hanya boleh diklaim satu kali; duplikasi identik bukan kesalahan administrasi karena seluruh komponen cocok 100%.",1
KLM105,2026-02-20,RS_H,"D14 (dr. Nurul Aini, Sp.PD)",D14,P23 (Tono Sugiarto),P23,57400000,4,rawat inap,"I21.9 - Infark miokard akut, tidak spesifik",I21.9,00.66 - Angioplasti koroner + stent (PCI),00.66,M10 x 14 tablet; M06 x 14 tablet,"Puskesmas Sanur Sehat, Denpasar · RJ-2026-403 · 2026-02-19","Nyeri dada menjalar ke lengan kiri selama 30 menit, keringat dingin.",Infark miokard; dilakukan PCI dengan 1 stent DES. Pasien pulang dengan terapi antiplatelet ganda.,"Dokter dan perawat baik, tetapi saya diminta membayar Rp3 juta tambahan di luar BPJS.",negatif,-0.75,1,fraud,0.84,escalate,SYND-07,iur_biaya,umpan balik pasien mengindikasikan pungutan di luar JKN (iur biaya) pada episode yang tetap diklaim penuh ke BPJS Kesehatan,T 0.16 · F 0.18 · S 0.49,"FRAUD (Iur Biaya): pasien melaporkan diminta membayar di luar JKN untuk layanan yang seharusnya dicakup paket, sementara faskes tetap mengajukan klaim penuh ke BPJS. Pungutan ganda ini melanggar skema paket INA-CBG (tidak boleh ada biaya tambahan pada layanan yang dijamin); kontradiksi antara testimoni pasien dan penagihan mengonfirmasi indikasi.",1
KLM106,2026-03-20,RS_H,"D14 (dr. Nurul Aini, Sp.PD)",D14,P23 (Tono Sugiarto),P23,1150000,0,rawat jalan,"E11.9 - Diabetes melitus tipe 2, tanpa komplikasi",E11.9,—,—,M01 x 60 tablet,kunjungan langsung (tanpa rujukan),Kontrol rutin diabetes; sesekali sering haus dan kesemutan.,"Kontrol DM tipe 2; HbA1c 7,2 persen. Terapi metformin dilanjutkan, edukasi diet diberikan.","Diminta membayar obat yang katanya tidak dicakup, padahal klaim BPJS tetap diajukan.",negatif,-0.7,1,fraud,0.82,escalate,SYND-07,iur_biaya,umpan balik pasien mengindikasikan pungutan di luar JKN (iur biaya) pada episode yang tetap diklaim penuh ke BPJS Kesehatan,T 0.16 · F 0.18 · S 0.49,"FRAUD (Iur Biaya): pasien melaporkan diminta membayar di luar JKN untuk layanan yang seharusnya dicakup paket, sementara faskes tetap mengajukan klaim penuh ke BPJS. Pungutan ganda ini melanggar skema paket INA-CBG (tidak boleh ada biaya tambahan pada layanan yang dijamin); kontradiksi antara testimoni pasien dan penagihan mengonfirmasi indikasi.",1
KLM107,2026-04-02,RS_H,"D14 (dr. Nurul Aini, Sp.PD)",D14,P24 (Umi Rahayu),P24,4350000,4,rawat inap,"J18.9 - Pneumonia, organisme tidak spesifik",J18.9,—,—,M03 x 8 vial; M05 x 6 nebules,"Puskesmas Sanur Sehat, Denpasar · RJ-2026-404 · 2026-04-01","Demam dan batuk berdahak 4 hari, sesak napas saat beraktivitas.",Pneumonia komunitas; antibiotik intravena dan nebulizer. Perbaikan klinis bertahap.,Saya dipungut biaya kasa dan perawatan tambahan di luar JKN.,negatif,-0.8,1,fraud,0.85,escalate,SYND-07,iur_biaya,umpan balik pasien mengindikasikan pungutan di luar JKN (iur biaya) pada episode yang tetap diklaim penuh ke BPJS Kesehatan,T 0.16 · F 0.18 · S 0.49,"FRAUD (Iur Biaya): pasien melaporkan diminta membayar di luar JKN untuk layanan yang seharusnya dicakup paket, sementara faskes tetap mengajukan klaim penuh ke BPJS. Pungutan ganda ini melanggar skema paket INA-CBG (tidak boleh ada biaya tambahan pada layanan yang dijamin); kontradiksi antara testimoni pasien dan penagihan mengonfirmasi indikasi.",1
KLM108,2026-05-07,RS_H,"D14 (dr. Nurul Aini, Sp.PD)",D14,P24 (Umi Rahayu),P24,980000,0,rawat jalan,I10 - Hipertensi esensial,I10,—,—,M02 x 30 tablet,kunjungan langsung (tanpa rujukan),Kontrol rutin tekanan darah tinggi.,Kontrol hipertensi; tekanan darah 142/86 mmHg. Terapi amlodipin dilanjutkan.,"Saya bayar tambahan untuk cek lab, kata petugas biaya tidak masuk klaim.",negatif,-0.65,1,fraud,0.83,escalate,SYND-07,iur_biaya,umpan balik pasien mengindikasikan pungutan di luar JKN (iur biaya) pada episode yang tetap diklaim penuh ke BPJS Kesehatan,T 0.16 · F 0.18 · S 0.49,"FRAUD (Iur Biaya): pasien melaporkan diminta membayar di luar JKN untuk layanan yang seharusnya dicakup paket, sementara faskes tetap mengajukan klaim penuh ke BPJS. Pungutan ganda ini melanggar skema paket INA-CBG (tidak boleh ada biaya tambahan pada layanan yang dijamin); kontradiksi antara testimoni pasien dan penagihan mengonfirmasi indikasi.",1
KLM109,2026-01-08,RS_I,"D15 (dr. Oskar Lingga, Sp.PD)",D15,P25 (Wawan Setiawan),P25,4150000,4,rawat inap,"J18.9 - Pneumonia, organisme tidak spesifik",J18.9,—,—,M03 x 8 vial; M05 x 6 nebules,"Puskesmas Musi Sehat, Palembang · RJ-2026-405 · 2026-01-07","Demam dan batuk berdahak, sesak napas saat beraktivitas.","Pneumonia komunitas; antibiotik intravena dan nebulizer. Perbaikan klinis bertahap, pulang perbaikan radiologis.","Pelayanan standar, tidak ada keluhan berarti.",netral,0.1,0,fraud,0.86,escalate,SYND-08,readmission_berulang,3 episode rawat inap dx sama dalam 30 hari dengan interval presisi 7-8 hari; readmisi berulang tanpa eskalasi terapi,T 0.28 · F 0.32 · S 0.26,"FRAUD (Readmission Berulang): pasien yang sama dirawat inap 3 kali dengan diagnosis identik dalam 30 hari dengan interval presisi 7-8 hari, tanpa eskalasi terapi maupun komplikasi terdokumentasi. Pola readmisi berulang atas episode yang sama mengindikasikan pemecahan episode (klaim satu episode menjadi beberapa) untuk melipatgandakan pembayaran paket.",1
KLM110,2026-01-16,RS_I,"D15 (dr. Oskar Lingga, Sp.PD)",D15,P25 (Wawan Setiawan),P25,4150000,3,rawat inap,"J18.9 - Pneumonia, organisme tidak spesifik",J18.9,—,—,M03 x 8 vial; M05 x 6 nebules,"Puskesmas Musi Sehat, Palembang · RJ-2026-406 · 2026-01-15","Demam dan batuk berdahak, sesak napas saat beraktivitas.","Pneumonia komunitas; antibiotik intravena dan nebulizer. Perbaikan klinis bertahap, pulang perbaikan radiologis.","Pelayanan standar, tidak ada keluhan berarti.",netral,0.1,0,fraud,0.87,escalate,SYND-08,readmission_berulang,3 episode rawat inap dx sama dalam 30 hari dengan interval presisi 7-8 hari; readmisi berulang tanpa eskalasi terapi,T 0.28 · F 0.32 · S 0.26,"FRAUD (Readmission Berulang): pasien yang sama dirawat inap 3 kali dengan diagnosis identik dalam 30 hari dengan interval presisi 7-8 hari, tanpa eskalasi terapi maupun komplikasi terdokumentasi. Pola readmisi berulang atas episode yang sama mengindikasikan pemecahan episode (klaim satu episode menjadi beberapa) untuk melipatgandakan pembayaran paket.",1
KLM111,2026-01-23,RS_I,"D15 (dr. Oskar Lingga, Sp.PD)",D15,P25 (Wawan Setiawan),P25,4150000,3,rawat inap,"J18.9 - Pneumonia, organisme tidak spesifik",J18.9,—,—,M03 x 8 vial; M05 x 6 nebules,"Puskesmas Musi Sehat, Palembang · RJ-2026-407 · 2026-01-22","Demam dan batuk berdahak, sesak napas saat beraktivitas.","Pneumonia komunitas; antibiotik intravena dan nebulizer. Perbaikan klinis bertahap, pulang perbaikan radiologis.","Pelayanan standar, tidak ada keluhan berarti.",netral,0.1,0,fraud,0.89,escalate,SYND-08,readmission_berulang,3 episode rawat inap dx sama dalam 30 hari dengan interval presisi 7-8 hari; readmisi berulang tanpa eskalasi terapi,T 0.28 · F 0.32 · S 0.26,"FRAUD (Readmission Berulang): pasien yang sama dirawat inap 3 kali dengan diagnosis identik dalam 30 hari dengan interval presisi 7-8 hari, tanpa eskalasi terapi maupun komplikasi terdokumentasi. Pola readmisi berulang atas episode yang sama mengindikasikan pemecahan episode (klaim satu episode menjadi beberapa) untuk melipatgandakan pembayaran paket.",1
KLM112,2026-03-04,RS_I,"D15 (dr. Oskar Lingga, Sp.PD)",D15,P26 (Yulia Ningsih),P26,4280000,4,rawat inap,"J18.9 - Pneumonia, organisme tidak spesifik",J18.9,—,—,M03 x 8 vial; M05 x 6 nebules,"Puskesmas Musi Sehat, Palembang · RJ-2026-408 · 2026-03-03","Demam dan batuk berdahak, sesak napas saat beraktivitas.","Pneumonia komunitas; antibiotik intravena dan nebulizer. Perbaikan klinis bertahap, pulang perbaikan radiologis.","Pelayanan standar, tidak ada keluhan berarti.",netral,0.1,0,fraud,0.86,escalate,SYND-08,readmission_berulang,3 episode rawat inap dx sama dalam 30 hari dengan interval presisi 7-8 hari; readmisi berulang tanpa eskalasi terapi,T 0.28 · F 0.32 · S 0.26,"FRAUD (Readmission Berulang): pasien yang sama dirawat inap 3 kali dengan diagnosis identik dalam 30 hari dengan interval presisi 7-8 hari, tanpa eskalasi terapi maupun komplikasi terdokumentasi. Pola readmisi berulang atas episode yang sama mengindikasikan pemecahan episode (klaim satu episode menjadi beberapa) untuk melipatgandakan pembayaran paket.",1
KLM113,2026-03-12,RS_I,"D15 (dr. Oskar Lingga, Sp.PD)",D15,P26 (Yulia Ningsih),P26,4280000,3,rawat inap,"J18.9 - Pneumonia, organisme tidak spesifik",J18.9,—,—,M03 x 8 vial; M05 x 6 nebules,"Puskesmas Musi Sehat, Palembang · RJ-2026-409 · 2026-03-11","Demam dan batuk berdahak, sesak napas saat beraktivitas.","Pneumonia komunitas; antibiotik intravena dan nebulizer. Perbaikan klinis bertahap, pulang perbaikan radiologis.","Pelayanan standar, tidak ada keluhan berarti.",netral,0.1,0,fraud,0.88,escalate,SYND-08,readmission_berulang,3 episode rawat inap dx sama dalam 30 hari dengan interval presisi 7-8 hari; readmisi berulang tanpa eskalasi terapi,T 0.28 · F 0.32 · S 0.26,"FRAUD (Readmission Berulang): pasien yang sama dirawat inap 3 kali dengan diagnosis identik dalam 30 hari dengan interval presisi 7-8 hari, tanpa eskalasi terapi maupun komplikasi terdokumentasi. Pola readmisi berulang atas episode yang sama mengindikasikan pemecahan episode (klaim satu episode menjadi beberapa) untuk melipatgandakan pembayaran paket.",1
KLM114,2026-03-19,RS_I,"D15 (dr. Oskar Lingga, Sp.PD)",D15,P26 (Yulia Ningsih),P26,4280000,3,rawat inap,"J18.9 - Pneumonia, organisme tidak spesifik",J18.9,—,—,M03 x 8 vial; M05 x 6 nebules,"Puskesmas Musi Sehat, Palembang · RJ-2026-410 · 2026-03-18","Demam dan batuk berdahak, sesak napas saat beraktivitas.","Pneumonia komunitas; antibiotik intravena dan nebulizer. Perbaikan klinis bertahap, pulang perbaikan radiologis.","Pelayanan standar, tidak ada keluhan berarti.",netral,0.1,0,fraud,0.88,escalate,SYND-08,readmission_berulang,3 episode rawat inap dx sama dalam 30 hari dengan interval presisi 7-8 hari; readmisi berulang tanpa eskalasi terapi,T 0.28 · F 0.32 · S 0.26,"FRAUD (Readmission Berulang): pasien yang sama dirawat inap 3 kali dengan diagnosis identik dalam 30 hari dengan interval presisi 7-8 hari, tanpa eskalasi terapi maupun komplikasi terdokumentasi. Pola readmisi berulang atas episode yang sama mengindikasikan pemecahan episode (klaim satu episode menjadi beberapa) untuk melipatgandakan pembayaran paket.",1
KLM115,2026-02-02,RS_J,"D19 (dr. Sinta Bella, Sp.P)",D19,P27 (Zainal Abidin),P27,2150000,0,rawat jalan,"J45.9 - Asma, tidak spesifik",J45.9,—,—,M05 x 6 nebules; M08 x 10 tablet,kunjungan langsung (tanpa rujukan),"Sesak napas berulang, batuk malam hari.","Asma stabil; diberikan nebulizer, pemeriksaan spirometri dan rontgen dada. Edukasi teknik inhaler diberikan.","Pelayanan standar, tidak ada keluhan berarti.",netral,0.1,0,fraud,0.8,escalate,SYND-09,excessive_usage,kunjungan mingguan terprogram 6 minggu berturut-turut dengan pemeriksaan berulang tanpa perubahan terapi (excessive usage),T 0.26 · F 0.30 · S 0.24,"FRAUD (Excessive Usage): 6 kunjungan rawat jalan dengan interval presisi 7 hari untuk asma yang tercatat stabil, setiap kunjungan menagih spirometri + rontgen dada + nebulizer (Rp2,15 jt/kunjungan, ~2x median rajal asma) tanpa perubahan terapi apa pun. Penggunaan layanan berlebihan tanpa indikasi medis ini bertujuan menaikkan volume klaim, bukan memperbaiki pasien.",1
KLM116,2026-02-09,RS_J,"D19 (dr. Sinta Bella, Sp.P)",D19,P27 (Zainal Abidin),P27,2150000,0,rawat jalan,"J45.9 - Asma, tidak spesifik",J45.9,—,—,M05 x 6 nebules; M08 x 10 tablet,kunjungan langsung (tanpa rujukan),"Sesak napas berulang, batuk malam hari.","Asma stabil; diberikan nebulizer, pemeriksaan spirometri dan rontgen dada. Edukasi teknik inhaler diberikan.","Pelayanan standar, tidak ada keluhan berarti.",netral,0.05,0,fraud,0.81,escalate,SYND-09,excessive_usage,kunjungan mingguan terprogram 6 minggu berturut-turut dengan pemeriksaan berulang tanpa perubahan terapi (excessive usage),T 0.26 · F 0.30 · S 0.24,"FRAUD (Excessive Usage): 6 kunjungan rawat jalan dengan interval presisi 7 hari untuk asma yang tercatat stabil, setiap kunjungan menagih spirometri + rontgen dada + nebulizer (Rp2,15 jt/kunjungan, ~2x median rajal asma) tanpa perubahan terapi apa pun. Penggunaan layanan berlebihan tanpa indikasi medis ini bertujuan menaikkan volume klaim, bukan memperbaiki pasien.",1
KLM117,2026-02-16,RS_J,"D19 (dr. Sinta Bella, Sp.P)",D19,P27 (Zainal Abidin),P27,2150000,0,rawat jalan,"J45.9 - Asma, tidak spesifik",J45.9,—,—,M05 x 6 nebules; M08 x 10 tablet,kunjungan langsung (tanpa rujukan),"Sesak napas berulang, batuk malam hari.","Asma stabil; diberikan nebulizer, pemeriksaan spirometri dan rontgen dada. Edukasi teknik inhaler diberikan.","Pelayanan standar, tidak ada keluhan berarti.",netral,0.1,0,fraud,0.82,escalate,SYND-09,excessive_usage,kunjungan mingguan terprogram 6 minggu berturut-turut dengan pemeriksaan berulang tanpa perubahan terapi (excessive usage),T 0.26 · F 0.30 · S 0.24,"FRAUD (Excessive Usage): 6 kunjungan rawat jalan dengan interval presisi 7 hari untuk asma yang tercatat stabil, setiap kunjungan menagih spirometri + rontgen dada + nebulizer (Rp2,15 jt/kunjungan, ~2x median rajal asma) tanpa perubahan terapi apa pun. Penggunaan layanan berlebihan tanpa indikasi medis ini bertujuan menaikkan volume klaim, bukan memperbaiki pasien.",1
KLM118,2026-02-23,RS_J,"D19 (dr. Sinta Bella, Sp.P)",D19,P27 (Zainal Abidin),P27,2150000,0,rawat jalan,"J45.9 - Asma, tidak spesifik",J45.9,—,—,M05 x 6 nebules; M08 x 10 tablet,kunjungan langsung (tanpa rujukan),"Sesak napas berulang, batuk malam hari.","Asma stabil; diberikan nebulizer, pemeriksaan spirometri dan rontgen dada. Edukasi teknik inhaler diberikan.","Pelayanan standar, tidak ada keluhan berarti.",netral,0.05,0,fraud,0.83,escalate,SYND-09,excessive_usage,kunjungan mingguan terprogram 6 minggu berturut-turut dengan pemeriksaan berulang tanpa perubahan terapi (excessive usage),T 0.26 · F 0.30 · S 0.24,"FRAUD (Excessive Usage): 6 kunjungan rawat jalan dengan interval presisi 7 hari untuk asma yang tercatat stabil, setiap kunjungan menagih spirometri + rontgen dada + nebulizer (Rp2,15 jt/kunjungan, ~2x median rajal asma) tanpa perubahan terapi apa pun. Penggunaan layanan berlebihan tanpa indikasi medis ini bertujuan menaikkan volume klaim, bukan memperbaiki pasien.",1
KLM119,2026-03-02,RS_J,"D19 (dr. Sinta Bella, Sp.P)",D19,P27 (Zainal Abidin),P27,2150000,0,rawat jalan,"J45.9 - Asma, tidak spesifik",J45.9,—,—,M05 x 6 nebules; M08 x 10 tablet,kunjungan langsung (tanpa rujukan),"Sesak napas berulang, batuk malam hari.","Asma stabil; diberikan nebulizer, pemeriksaan spirometri dan rontgen dada. Edukasi teknik inhaler diberikan.","Pelayanan standar, tidak ada keluhan berarti.",netral,0.1,0,fraud,0.84,escalate,SYND-09,excessive_usage,kunjungan mingguan terprogram 6 minggu berturut-turut dengan pemeriksaan berulang tanpa perubahan terapi (excessive usage),T 0.26 · F 0.30 · S 0.24,"FRAUD (Excessive Usage): 6 kunjungan rawat jalan dengan interval presisi 7 hari untuk asma yang tercatat stabil, setiap kunjungan menagih spirometri + rontgen dada + nebulizer (Rp2,15 jt/kunjungan, ~2x median rajal asma) tanpa perubahan terapi apa pun. Penggunaan layanan berlebihan tanpa indikasi medis ini bertujuan menaikkan volume klaim, bukan memperbaiki pasien.",1
KLM120,2026-03-09,RS_J,"D19 (dr. Sinta Bella, Sp.P)",D19,P27 (Zainal Abidin),P27,2150000,0,rawat jalan,"J45.9 - Asma, tidak spesifik",J45.9,—,—,M05 x 6 nebules; M08 x 10 tablet,kunjungan langsung (tanpa rujukan),"Sesak napas berulang, batuk malam hari.","Asma stabil; diberikan nebulizer, pemeriksaan spirometri dan rontgen dada. Edukasi teknik inhaler diberikan.","Pelayanan standar, tidak ada keluhan berarti.",netral,0.1,0,fraud,0.84,escalate,SYND-09,excessive_usage,kunjungan mingguan terprogram 6 minggu berturut-turut dengan pemeriksaan berulang tanpa perubahan terapi (excessive usage),T 0.26 · F 0.30 · S 0.24,"FRAUD (Excessive Usage): 6 kunjungan rawat jalan dengan interval presisi 7 hari untuk asma yang tercatat stabil, setiap kunjungan menagih spirometri + rontgen dada + nebulizer (Rp2,15 jt/kunjungan, ~2x median rajal asma) tanpa perubahan terapi apa pun. Penggunaan layanan berlebihan tanpa indikasi medis ini bertujuan menaikkan volume klaim, bukan memperbaiki pasien.",1
KLM121,2026-05-18,RS_G,"D13 (dr. Mulyadi Santoso, Sp.B)",D13,P29 (Bambang Riyanto),P29,27500000,3,rawat inap,K35.8 - Apendisitis akut,K35.8,47.09 - Apendektomi,47.09,M03 x 6 vial; M08 x 12 tablet,"Puskesmas Tlogo Sehat, Semarang · RJ-2026-411 · 2026-05-17","Nyeri perut kanan bawah sejak 2 hari, disertai mual dan demam.","Apendisitis akut; dilakukan apendektomi. Toleransi oral baik, luka operasi bersih, pasien pulang stabil.","Tagihan operasi terasa sangat besar, saya minta rincian tidak diberikan.",negatif,-0.55,0,fraud,0.81,escalate,none,biaya_markup,"biaya 4x tarif paket apendektomi (Rp6,8 jt) tanpa komponen rincian pendukung; markup biaya",T 0.15 · F 0.36 · S 0.30,"FRAUD (Biaya Markup): apendektomi standar tanpa komplikasi ditagih Rp27,5 jt atau 4x tarif paket (Rp6,8 jt). Tidak ada komponen tambahan yang dijelaskan pada rincian, dan LOS 3 hari sesuai paket — kenaikan biaya murni markup untuk menaikkan nilai klaim.",1
KLM122,2026-06-06,RS_H,"D14 (dr. Nurul Aini, Sp.PD)",D14,P30 (Citra Ayu Lestari),P30,8900000,0,rawat jalan,"E11.9 - Diabetes melitus tipe 2, tanpa komplikasi",E11.9,—,—,M09 x 12 pen; M01 x 120 tablet,kunjungan langsung (tanpa rujukan),Kontrol rutin diabetes; sesekali sering haus dan kesemutan.,"Kontrol DM tipe 2; HbA1c 7,4 persen. Terapi metformin dilanjutkan, insulin ditingkatkan.","Cukup membantu, tapi proses administrasi bertele-tele.",netral,0.05,0,fraud,0.82,escalate,none,drug_diversion,qty insulin 12 pen dalam satu episode (dosis rasional 1-2 pen/bulan); biaya obat rajal outlier,T 0.22 · F 0.34 · S 0.26,"FRAUD (Drug Diversion): satu episode rawat jalan menagih 12 pen insulin glargin, padahal kebutuhan rasional pasien DM terkontrol adalah 1-2 pen/bulan. Volume >6x kebutuhan klinis menandakan obat kemungkinan dialihkan (diversion) atau dijual, bukan dikonsumsi pasien.",1
KLM123,2026-02-14,RS_I,"D18 (dr. Rizky Ramadhan, Sp.OT)",D18,P31 (Dedi Kurniawan),P31,21000000,5,rawat inap,"K40.9 - Hernia inguinalis, tanpa obstruksi",K40.9,53.1 - Reparasi hernia inguinalis,53.1,M03 x 4 vial; M08 x 10 tablet,"Puskesmas Musi Sehat, Palembang · RJ-2026-412 · 2026-02-13",Benjolan di lipatan paha yang membesar saat berdiri dan mengangkat beban.,Reparasi hernia inguinalis dengan mesh. Perawatan post-operatif tanpa komplikasi.,Kebersihan kamar mandi kurang terjaga.,negatif,-0.35,0,high,0.64,review,none,overbilling,"biaya 2,6x tarif reparasi hernia (Rp8,2 jt); menunggu rincian komponen",T 0.15 · F 0.22 · S 0.18,"ANOMALI TINGGI (belum tentu fraud): biaya reparasi hernia 2,6x tarif paket dengan mesh yang lebih mahal mungkin dijelaskan komplikasi/penggunaan mesh khusus, tetapi tidak terdokumentasi. Perlu verifikasi rincian komponen sebelum menyimpulkan fraud.",0
KLM124,2026-01-29,RS_J,"D19 (dr. Sinta Bella, Sp.P)",D19,P32 (Endang Sulastri),P32,8200000,12,rawat inap,"J18.9 - Pneumonia, organisme tidak spesifik",J18.9,—,—,M03 x 16 vial; M05 x 12 nebules,"Puskesmas Balik Sehat, Balikpapan · RJ-2026-413 · 2026-01-28","Demam dan batuk berdahak 5 hari, sesak napas saat beraktivitas.",Pneumonia komunitas; antibiotik intravena dan nebulizer. Perbaikan klinis lambat.,Kebersihan kamar mandi kurang terjaga.,negatif,-0.35,0,high,0.71,review,none,prolonged_stay,LOS 12 hari vs median pneumonia 5 hari; biaya/hari meningkat setelah hari ke-7,T 0.15 · F 0.22 · S 0.18,"ANOMALI TINGGI (belum tentu fraud): LOS 12 hari jauh di atas median pneumonia (5 hari). Perpanjangan rawat bisa sah bila ada komorbid/komplikasi, namun tidak terdokumentasi pada resume. Perlu telaah indikasi medis perpanjangan rawat.",0
KLM125,2026-03-27,RS_G,"D16 (dr. Prasetyo Utomo, ",D16,P33 (Fauzi Rahman),P33,4200000,0,rawat jalan,"E11.9 - Diabetes melitus tipe 2, tanpa komplikasi",E11.9,—,—,M09 x 6 pen; M01 x 60 tablet,kunjungan langsung (tanpa rujukan),Kontrol rutin diabetes; sesekali sering haus dan kesemutan.,"Kontrol DM tipe 2; HbA1c 8,9 persen. Terapi insulin intensif dimulai.","Cukup membantu, tapi proses administrasi bertele-tele.",netral,0.05,0,high,0.67,review,none,anomali_frekuensi,qty insulin 6 pen/bulan (rasional 1-2 pen); perlu konfirmasi dosis,T 0.15 · F 0.22 · S 0.18,"ANOMALI TINGGI (belum tentu fraud): pengambilan 6 pen insulin dalam satu bulan 3x kebutuhan rasional. Bisa dijelaskan bila dosis tinggi terdokumentasi atau stok pasien habis, tetapi perlu verifikasi resep berkelanjutan.",0
KLM126,2026-04-22,RS_H,"D14 (dr. Nurul Aini, Sp.PD)",D14,P34 (Gita Puspita),P34,750000,0,rawat jalan,"K29.7 - Gastritis, tanpa perdarahan",K29.7,—,—,M04 x 7 vial; M08 x 10 tablet,kunjungan langsung (tanpa rujukan),"Nyeri ulu hati berulang sejak 2 minggu, terasa setelah makan.",Gastritis tanpa perdarahan; diberikan terapi PPI. Pasien dianjurkan menghindari kopi dan makanan pedas.,"Cukup membantu, tapi proses administrasi bertele-tele.",netral,0.05,0,high,0.62,review,none,anomali_frekuensi,5 episode rawat jalan dx sama dalam 34 hari; perlu telaah kepatuhan kontrol,T 0.15 · F 0.22 · S 0.18,"ANOMALI TINGGI (belum tentu fraud): 5 episode rawat jalan gastritis dalam 34 hari. Bisa janggal karena ketidakpatuhan PPI, namun frekuensi di atas wajar memerlukan telaah.",0
KLM127,2026-05-24,RS_G,"D16 (dr. Prasetyo Utomo, ",D16,P35 (Hasan Basri),P35,63500000,9,rawat inap,"I21.9 - Infark miokard akut, tidak spesifik",I21.9,00.66 - Angioplasti koroner + stent (PCI),00.66,M10 x 14 tablet; M06 x 14 tablet,"Puskesmas Tlogo Sehat, Semarang · RJ-2026-414 · 2026-05-23","Nyeri dada menjalar ke lengan kiri selama 30 menit, keringat dingin.",Infark miokard; dilakukan PCI dengan 1 stent DES. Pasien pulang dengan terapi antiplatelet ganda.,"Saya pulang dengan kondisi membaik, terima kasih atas perawatannya.",positif,0.75,0,high,0.68,review,none,prolonged_stay,LOS 9 hari pasca-PCI (median 5); perlu indikasi perpanjangan rawat,T 0.15 · F 0.22 · S 0.18,ANOMALI TINGGI (belum tentu fraud): LOS 9 hari pasca-PCI tanpa komplikasi terdokumentasi (median 5). Perlu konfirmasi indikasi perpanjangan rawat sebelum menyimpulkan upcoding LOS.,0
KLM128,2026-06-13,RS_J,"D19 (dr. Sinta Bella, Sp.P)",D19,P36 (Ifa Hidayati),P36,3100000,0,rawat jalan,"J45.9 - Asma, tidak spesifik",J45.9,—,—,M05 x 12 nebules; M08 x 14 tablet,kunjungan langsung (tanpa rujukan),"Sesak napas berulang, batuk malam hari.",Asma eksaserbasi ringan; diberikan nebulizer berulang dan edukasi teknik inhaler.,Antrean sangat lama dan tempat parkir sempit.,negatif,-0.4,0,high,0.63,review,none,overbilling,biaya rajal asma 3x median dx sama; komponen nebulizer berulang,T 0.15 · F 0.22 · S 0.18,"ANOMALI TINGGI (belum tentu fraud): biaya rawat jalan asma Rp3,1 jt atau 3x median dx sama, dengan komponen nebulizer berulang. Perlu telaah rincian; serangan asma berat bisa saja sah memerlukan tindakan berulang.",0
KLM129,2026-02-26,RS_G,"D13 (dr. Mulyadi Santoso, Sp.B)",D13,P37 (Jefri Nainggolan),P37,46800000,2,rawat inap,"S72.0 - Fraktur kolum femur, tertutup",S72.0,81.52 - Hemiarthroplasty panggul,81.52,M03 x 12 vial; M08 x 20 tablet,"Puskesmas Tlogo Sehat, Semarang · RJ-2026-415 · 2026-02-25","Terjatuh di kamar mandi, tidak dapat berdiri, nyeri hebat pada panggul.",Fraktur kolum femur; dilakukan hemiarthroplasty. Mobilisasi dengan fisioterapi.,Proses administrasi mudah dan ruangan bersih.,positif,0.7,0,high,0.72,review,none,prolonged_stay,LOS 2 hari pasca hemiarthroplasty mayor (median 7) — pemulangan sangat cepat,T 0.15 · F 0.22 · S 0.18,ANOMALI TINGGI (belum tentu fraud): pasien usia 70 tahun dipulangkan 2 hari setelah hemiarthroplasty (median 7). Bisa mencerminkan pemulangan dini yang berisiko (standard of care) atau kesalahan input LOS. Perlu telaah klinis.,0
KLM130,2026-06-20,RS_H,"D14 (dr. Nurul Aini, Sp.PD)",D14,P38 (Kirana Maheswari),P38,3850000,0,rawat jalan,"J18.9 - Pneumonia, organisme tidak spesifik",J18.9,—,—,M03 x 4 vial; M05 x 6 nebules,kunjungan langsung (tanpa rujukan),Demam dan batuk berdahak 3 hari.,Pneumonia ringan; antibiotik oral dan nebulizer di ruang observasi.,"Pelayanan standar, tidak ada keluhan berarti.",netral,0.1,0,high,0.62,review,none,overbilling,biaya rawat jalan pneumonia 3x median rajal infeksi; komponen observasi,T 0.15 · F 0.22 · S 0.18,"ANOMALI TINGGI (belum tentu fraud): rawat jalan pneumonia ditagih Rp3,85 jt (3x median). Komponen observasi/injeksi berulang mungkin sah bila pasien observasi panjang, tetapi perlu rincian. Belum cukup bukti untuk label fraud.",0
KLM131,2026-02-05,RS_I,"D15 (dr. Oskar Lingga, Sp.PD)",D15,P39 (Lukman Hakim),P39,1050000,0,rawat jalan,"E11.9 - Diabetes melitus tipe 2, tanpa komplikasi",E11.9,—,—,M01 x 60 tablet; M02 x 14 tablet,kunjungan langsung (tanpa rujukan),Kontrol rutin diabetes; sesekali sering haus dan kesemutan.,"Kontrol DM tipe 2; HbA1c 7,3 persen. Terapi metformin dilanjutkan.","Cukup membantu, tapi proses administrasi bertele-tele.",netral,0.05,0,medium,0.46,review,none,anomali_frekuensi,4 episode rawat jalan dx sama dalam 28 hari; interval presisi 7 hari,T 0.12 · F 0.11 · S 0.09,ANOMALI SEDANG: 4 episode kontrol DM dalam 28 hari dengan interval presisi 7 hari. Pola terprogram seperti ini perlu verifikasi kebutuhan kontrol; bisa janggal bisa pula penggalian klaim rajal yang tidak perlu.,0
KLM132,2026-03-14,RS_J,"D19 (dr. Sinta Bella, Sp.P)",D19,P40 (Maya Anggraini),P40,950000,0,rawat jalan,I10 - Hipertensi esensial,I10,—,—,M02 x 30 tablet,kunjungan langsung (tanpa rujukan),Kontrol rutin tekanan darah tinggi.,Kontrol hipertensi; tekanan darah 140/88 mmHg. Terapi amlodipin dilanjutkan.,"Pelayanan standar, tidak ada keluhan berarti.",netral,0.1,0,medium,0.42,review,none,anomali_frekuensi,3 episode rawat jalan hipertensi dalam 20 hari,T 0.12 · F 0.11 · S 0.09,ANOMALI SEDANG: 3 episode kontrol hipertensi dalam 20 hari tanpa penyesuaian dosis terdokumentasi. Pola perlu konfirmasi kebutuhan kontrol sebelum ditindaklanjuti.,0
KLM133,2026-04-16,RS_I,"D15 (dr. Oskar Lingga, Sp.PD)",D15,P39 (Lukman Hakim),P39,1200000,0,rawat jalan,"J45.9 - Asma, tidak spesifik",J45.9,—,—,M05 x 6 nebules; M08 x 10 tablet,kunjungan langsung (tanpa rujukan),"Sesak napas berulang, batuk malam hari.",Asma stabil; diberikan nebulizer dan edukasi teknik inhaler.,"Cukup membantu, tapi proses administrasi bertele-tele.",netral,0.05,0,medium,0.44,review,none,anomali_frekuensi,3 episode rajal asma dalam 30 hari dengan komponen nebulizer tiap kunjungan,T 0.12 · F 0.11 · S 0.09,"ANOMALI SEDANG: 3 episode rajal asma dalam 30 hari, masing-masing menagih nebulizer meski asma tercatat stabil. Perlu verifikasi indikasi tindakan berulang.",0
KLM134,2026-05-09,RS_J,"D19 (dr. Sinta Bella, Sp.P)",D19,P40 (Maya Anggraini),P40,1100000,0,rawat jalan,N39.0 - Infeksi saluran kemih,N39.0,—,—,M03 x 3 vial,kunjungan langsung (tanpa rujukan),Sakit saat berkemih dan sering ingin buang air kecil.,Infeksi saluran kemih; antibiotik injeksi dan anjuran minum banyak.,"Pelayanan standar, tidak ada keluhan berarti.",netral,0.1,0,medium,0.48,review,none,anomali_frekuensi,3 episode rajal ISK dalam 30 hari; antibiotik injeksi tiap kunjungan,T 0.12 · F 0.11 · S 0.09,ANOMALI SEDANG: ISK berulang 3x dalam 30 hari dengan antibiotik injeksi tiap kunjungan tanpa hasil kultur terdokumentasi. Perlu verifikasi indikasi; ISK berulang memang mungkin terjadi secara klinis.,0
KLM135,2026-01-31,RS_J,"D19 (dr. Sinta Bella, Sp.P)",D19,P28 (Anisa Fitriani),P28,1250000,0,rawat jalan,"E11.9 - Diabetes melitus tipe 2, tanpa komplikasi",E11.9,—,—,M01 x 60 tablet,kunjungan langsung (tanpa rujukan),Kontrol rutin diabetes; sesekali sering haus dan kesemutan.,"Kontrol DM tipe 2; HbA1c 7,0 persen. Terapi metformin dilanjutkan.","Cukup membantu, tapi proses administrasi bertele-tele.",netral,0.05,0,medium,0.4,review,none,anomali_frekuensi,refill obat kronis mingguan pada faskes sama; pola kunjungan terprogram,T 0.12 · F 0.11 · S 0.09,"ANOMALI SEDANG: pola pengambilan obat DM setiap minggu di faskes yang sama, padahal resep 60 tablet cukup untuk sebulan. Perlu verifikasi alasan pengambilan frekuen.",0
KLM136,2026-06-27,RS_I,"D15 (dr. Oskar Lingga, Sp.PD)",D15,P31 (Dedi Kurniawan),P31,700000,0,rawat jalan,"K29.7 - Gastritis, tanpa perdarahan",K29.7,—,—,M04 x 7 vial; M08 x 10 tablet,kunjungan langsung (tanpa rujukan),"Nyeri ulu hati sejak 3 hari, terasa setelah makan dan minum kopi.",Gastritis tanpa perdarahan; diberikan terapi PPI. Pasien dianjurkan menghindari kopi.,"Pelayanan standar, tidak ada keluhan berarti.",netral,0.1,0,medium,0.45,review,none,anomali_frekuensi,3 episode rajal gastritis dalam 30 hari,T 0.12 · F 0.11 · S 0.09,ANOMALI SEDANG: 3 episode rajal gastritis dalam 30 hari — bisa mencerminkan ketidakpatuhan PPI atau penggalian klaim rajal. Perlu konfirmasi kepatuhan pasien.,0
KLM137,2026-01-03,RS_J,"D20 (dr. Teguh Wijaya, Sp.B)",D20,P27 (Zainal Abidin),P27,14150000,4,rawat inap,"K80.2 - Kolelitiasis, tanpa kolesistitis",K80.2,51.23 - Kolesistektomi laparoskopik,51.23,M03 x 6 vial; M04 x 7 vial,"Puskesmas Balik Sehat, Balikpapan · RJ-2026-465 · 2026-01-02","Nyeri perut kanan atas berulang, terasa setelah makan berlemak.","Kolelitiasis; dilakukan kolesistektomi laparoskopik. Toleransi oral baik, pasien pulang dengan kontrol poliklinik.","Pelayanan cepat, dokter dan perawat sangat ramah.",positif,0.79,0,low,0.13,auto_clear,none,,tidak ada sinyal dominan,T 0.05 · F 0.05 · S 0.03,NORMAL: dx K80.2 ditindaki 51.23 — pasangan klinis standar; biaya Rp14.150.000 ≈ tarif paket (rasio 0.98); LOS 4 hari dalam rentang median; obat dispensed sesuai dx; narasi rekam medis konsisten dengan penagihan; tidak ada kontradiksi.,0
KLM138,2026-01-03,RS_H,"D14 (dr. Nurul Aini, Sp.PD)",D14,P30 (Citra Ayu Lestari),P30,1000000,0,rawat jalan,I10 - Hipertensi esensial,I10,—,—,M02 x 30 tablet,kunjungan langsung (tanpa rujukan),Kontrol rutin tekanan darah tinggi.,"Kontrol hipertensi; tekanan darah 138/84 mmHg. Terapi amlodipin dilanjutkan, edukasi garam diberikan.",Proses administrasi mudah dan ruangan bersih.,positif,0.61,0,low,0.1,auto_clear,none,,tidak ada sinyal dominan,T 0.03 · F 0.04 · S 0.03,NORMAL: dx I10 ditangani konservatif tanpa prosedur (sesuai guideline); biaya rawat jalan Rp1.000.000 dalam rentang median; terapi obat sesuai standar; narasi rekam medis konsisten dengan penagihan; tidak ada kontradiksi narasi.,0
KLM139,2026-01-04,RS_G,"D16 (dr. Prasetyo Utomo, ",D16,P37 (Jefri Nainggolan),P37,1000000,0,rawat jalan,I10 - Hipertensi esensial,I10,—,—,M02 x 30 tablet,kunjungan langsung (tanpa rujukan),Kontrol rutin tekanan darah tinggi.,"Kontrol hipertensi; tekanan darah 138/84 mmHg. Terapi amlodipin dilanjutkan, edukasi garam diberikan.",Proses administrasi mudah dan ruangan bersih.,positif,0.8,0,low,0.08,auto_clear,none,,tidak ada sinyal dominan,T 0.03 · F 0.02 · S 0.03,NORMAL: dx I10 ditangani konservatif tanpa prosedur (sesuai guideline); biaya rawat jalan Rp1.000.000 dalam rentang median; terapi obat sesuai standar; narasi rekam medis konsisten dengan penagihan; tidak ada kontradiksi narasi.,0
KLM140,2026-01-05,RS_G,"D16 (dr. Prasetyo Utomo, ",D16,P29 (Bambang Riyanto),P29,1100000,0,rawat jalan,"E11.9 - Diabetes melitus tipe 2, tanpa komplikasi",E11.9,—,—,M01 x 60 tablet; M02 x 14 tablet,kunjungan langsung (tanpa rujukan),Kontrol rutin diabetes; sesekali sering haus dan kesemutan.,"Kontrol DM tipe 2; HbA1c 7,1 persen. Terapi metformin dilanjutkan, edukasi diet dan aktivitas fisik diberikan.","Nyaman dirawat di sini, fasilitas lengkap.",positif,0.81,0,low,0.07,auto_clear,none,,tidak ada sinyal dominan,T 0.03 · F 0.03 · S 0.01,NORMAL: dx E11.9 ditangani konservatif tanpa prosedur (sesuai guideline); biaya rawat jalan Rp1.100.000 dalam rentang median; terapi obat sesuai standar; narasi rekam medis konsisten dengan penagihan; tidak ada kontradiksi narasi.,0
KLM141,2026-01-06,RS_G,"D16 (dr. Prasetyo Utomo, ",D16,P21 (Rahmat Fauzi),P21,61150000,5,rawat inap,"I21.9 - Infark miokard akut, tidak spesifik",I21.9,00.66 - Angioplasti koroner + stent (PCI),00.66,M10 x 14 tablet; M06 x 14 tablet,"Puskesmas Tlogo Sehat, Semarang · RJ-2026-451 · 2026-01-05","Nyeri dada menjalar ke lengan kiri selama 30 menit, keringat dingin.",Infark miokard; dilakukan PCI dengan 1 stent DES. Pasien pulang dengan terapi antiplatelet ganda.,"Cukup membantu, tapi proses administrasi bertele-tele.",netral,0.12,0,low,0.06,auto_clear,none,,tidak ada sinyal dominan,T 0.02 · F 0.02 · S 0.02,NORMAL: dx I21.9 ditindaki 00.66 — pasangan klinis standar; biaya Rp61.150.000 ≈ tarif paket (rasio 1.05); LOS 5 hari dalam rentang median; obat dispensed sesuai dx; narasi rekam medis konsisten dengan penagihan; tidak ada kontradiksi.,0
KLM142,2026-01-06,RS_I,"D15 (dr. Oskar Lingga, Sp.PD)",D15,P26 (Yulia Ningsih),P26,4450000,6,rawat inap,"J18.9 - Pneumonia, organisme tidak spesifik",J18.9,—,—,M03 x 8 vial; M05 x 6 nebules,"Puskesmas Musi Sehat, Palembang · RJ-2026-463 · 2026-01-05","Demam dan batuk berdahak 4 hari, sesak napas saat beraktivitas.","Pneumonia komunitas; antibiotik intravena dan nebulizer. Perbaikan klinis bertahap, pulang setelah perbaikan radiologis.",Antrean sangat lama dan tempat parkir sempit.,negatif,-0.45,0,low,0.09,auto_clear,none,,tidak ada sinyal dominan,T 0.04 · F 0.03 · S 0.02,NORMAL: pneumonia (J18.9) diterapi medis tanpa prosedur invasif — konsisten; biaya Rp4.450.000 dalam rentang; LOS 6 hari = median dx; obat (antibiotik + nebulizer) sesuai; tanpa kontradiksi.,0
KLM143,2026-01-07,RS_H,"D17 (dr. Qori Rahmawati, Sp.A)",D17,P23 (Tono Sugiarto),P23,950000,0,rawat jalan,"J45.9 - Asma, tidak spesifik",J45.9,—,—,M05 x 6 nebules; M08 x 10 tablet,kunjungan langsung (tanpa rujukan),"Sesak napas berulang, batuk malam hari.",Asma stabil; diberikan nebulizer dan edukasi teknik inhaler. Kontrol berkala berikutnya.,"Pelayanan baik, penjelasan dokter jelas dan mudah dipahami.",positif,0.68,0,low,0.12,auto_clear,none,,tidak ada sinyal dominan,T 0.04 · F 0.05 · S 0.03,NORMAL: dx J45.9 ditangani konservatif tanpa prosedur (sesuai guideline); biaya rawat jalan Rp950.000 dalam rentang median; terapi obat sesuai standar; narasi rekam medis konsisten dengan penagihan; tidak ada kontradiksi narasi.,0
KLM144,2026-01-07,RS_J,"D19 (dr. Sinta Bella, Sp.P)",D19,P36 (Ifa Hidayati),P36,1150000,0,rawat jalan,"J45.9 - Asma, tidak spesifik",J45.9,—,—,M05 x 6 nebules; M08 x 10 tablet,kunjungan langsung (tanpa rujukan),"Sesak napas berulang, batuk malam hari.",Asma stabil; diberikan nebulizer dan edukasi teknik inhaler. Kontrol berkala berikutnya.,"Cukup membantu, tapi proses administrasi bertele-tele.",netral,0.1,0,low,0.08,auto_clear,none,,tidak ada sinyal dominan,T 0.01 · F 0.04 · S 0.03,NORMAL: dx J45.9 ditangani konservatif tanpa prosedur (sesuai guideline); biaya rawat jalan Rp1.150.000 dalam rentang median; terapi obat sesuai standar; narasi rekam medis konsisten dengan penagihan; tidak ada kontradiksi narasi.,0
KLM145,2026-01-08,RS_J,"D19 (dr. Sinta Bella, Sp.P)",D19,P36 (Ifa Hidayati),P36,1000000,0,rawat jalan,"J45.9 - Asma, tidak spesifik",J45.9,—,—,M05 x 6 nebules; M08 x 10 tablet,kunjungan langsung (tanpa rujukan),"Sesak napas berulang, batuk malam hari.",Asma stabil; diberikan nebulizer dan edukasi teknik inhaler. Kontrol berkala berikutnya.,"Antrean poli sangat panjang, menunggu hampir dua jam.",negatif,-0.35,0,low,0.07,auto_clear,none,,tidak ada sinyal dominan,T 0.03 · F 0.02 · S 0.02,NORMAL: dx J45.9 ditangani konservatif tanpa prosedur (sesuai guideline); biaya rawat jalan Rp1.000.000 dalam rentang median; terapi obat sesuai standar; narasi rekam medis konsisten dengan penagihan; tidak ada kontradiksi narasi.,0
KLM146,2026-01-09,RS_C,"D05 (dr. Endra Kusuma, Sp.OT)",D05,P08 (Maryam Yusuf),P08,45100000,8,rawat inap,"S72.0 - Fraktur kolum femur, tertutup",S72.0,81.52 - Hemiarthroplasty panggul,81.52,M03 x 12 vial; M08 x 20 tablet,undefined · RJ-2026-429 · 2026-01-08,"Terjatuh di kamar mandi, tidak dapat berdiri, nyeri hebat pada panggul.","Fraktur kolum femur; dilakukan hemiarthroplasty. Mobilisasi dengan fisioterapi, pulang dengan alat bantu jalan.","Pelayanan baik, penjelasan dokter jelas dan mudah dipahami.",positif,0.8,0,low,0.11,auto_clear,none,,tidak ada sinyal dominan,T 0.04 · F 0.04 · S 0.03,NORMAL: dx S72.0 ditindaki 81.52 — pasangan klinis standar; biaya Rp45.100.000 ≈ tarif paket (rasio 0.97); LOS 8 hari dalam rentang median; obat dispensed sesuai dx; narasi rekam medis konsisten dengan penagihan; tidak ada kontradiksi.,0
KLM147,2026-01-09,RS_B,"D07 (dr. Gunawan Halim, Sp.B)",D07,P14 (Odi Setiawan),P14,14100000,3,rawat inap,"K80.2 - Kolelitiasis, tanpa kolesistitis",K80.2,51.23 - Kolesistektomi laparoskopik,51.23,M03 x 6 vial; M04 x 7 vial,undefined · RJ-2026-439 · 2026-01-08,"Nyeri perut kanan atas berulang, terasa setelah makan berlemak.","Kolelitiasis; dilakukan kolesistektomi laparoskopik. Toleransi oral baik, pasien pulang dengan kontrol poliklinik.",Kebersihan kamar mandi kurang terjaga.,negatif,-0.34,0,low,0.07,auto_clear,none,,tidak ada sinyal dominan,T 0.03 · F 0.03 · S 0.01,NORMAL: dx K80.2 ditindaki 51.23 — pasangan klinis standar; biaya Rp14.100.000 ≈ tarif paket (rasio 0.97); LOS 3 hari dalam rentang median; obat dispensed sesuai dx; narasi rekam medis konsisten dengan penagihan; tidak ada kontradiksi.,0
KLM148,2026-01-09,RS_E,"D09 (dr. Indah Pratiwi, Sp.PD)",D09,P15 (Purnama Sidik),P15,1150000,0,rawat jalan,N39.0 - Infeksi saluran kemih,N39.0,—,—,M03 x 3 vial; M08 x 10 tablet,kunjungan langsung (tanpa rujukan),Sakit saat berkemih dan sering ingin buang air kecil.,Infeksi saluran kemih; antibiotik dan anjuran minum banyak. Perbaikan gejala dalam 3 hari.,Proses administrasi mudah dan ruangan bersih.,positif,0.81,0,low,0.08,auto_clear,none,,tidak ada sinyal dominan,T 0.02 · F 0.04 · S 0.02,NORMAL: dx N39.0 ditangani konservatif tanpa prosedur (sesuai guideline); biaya rawat jalan Rp1.150.000 dalam rentang median; terapi obat sesuai standar; narasi rekam medis konsisten dengan penagihan; tidak ada kontradiksi narasi.,0
KLM149,2026-01-09,RS_I,"D15 (dr. Oskar Lingga, Sp.PD)",D15,P26 (Yulia Ningsih),P26,1000000,0,rawat jalan,I10 - Hipertensi esensial,I10,—,—,M02 x 30 tablet,kunjungan langsung (tanpa rujukan),Kontrol rutin tekanan darah tinggi.,"Kontrol hipertensi; tekanan darah 138/84 mmHg. Terapi amlodipin dilanjutkan, edukasi garam diberikan.","Pelayanan baik, penjelasan dokter jelas dan mudah dipahami.",positif,0.82,0,low,0.09,auto_clear,none,,tidak ada sinyal dominan,T 0.05 · F 0.02 · S 0.02,NORMAL: dx I10 ditangani konservatif tanpa prosedur (sesuai guideline); biaya rawat jalan Rp1.000.000 dalam rentang median; terapi obat sesuai standar; narasi rekam medis konsisten dengan penagihan; tidak ada kontradiksi narasi.,0
KLM150,2026-01-10,RS_H,"D14 (dr. Nurul Aini, Sp.PD)",D14,P24 (Umi Rahayu),P24,950000,0,rawat jalan,I10 - Hipertensi esensial,I10,—,—,M02 x 30 tablet,kunjungan langsung (tanpa rujukan),Kontrol rutin tekanan darah tinggi.,"Kontrol hipertensi; tekanan darah 138/84 mmHg. Terapi amlodipin dilanjutkan, edukasi garam diberikan.","Saya pulang dengan kondisi membaik, terima kasih atas perawatannya.",positif,0.65,0,low,0.11,auto_clear,none,,tidak ada sinyal dominan,T 0.05 · F 0.04 · S 0.02,NORMAL: dx I10 ditangani konservatif tanpa prosedur (sesuai guideline); biaya rawat jalan Rp950.000 dalam rentang median; terapi obat sesuai standar; narasi rekam medis konsisten dengan penagihan; tidak ada kontradiksi narasi.,0
KLM151,2026-01-11,RS_J,"D20 (dr. Teguh Wijaya, Sp.B)",D20,P40 (Maya Anggraini),P40,6900000,4,rawat inap,K35.8 - Apendisitis akut,K35.8,47.09 - Apendektomi,47.09,M03 x 6 vial; M08 x 12 tablet,"Puskesmas Balik Sehat, Balikpapan · RJ-2026-512 · 2026-01-10","Nyeri perut kanan bawah sejak 2 hari, disertai mual dan demam.","Apendisitis akut; dilakukan apendektomi. Toleransi oral baik, luka operasi bersih, pasien pulang stabil.","Pelayanan cepat, dokter dan perawat sangat ramah.",positif,0.61,0,low,0.12,auto_clear,none,,tidak ada sinyal dominan,T 0.05 · F 0.05 · S 0.02,NORMAL: dx K35.8 ditindaki 47.09 — pasangan klinis standar; biaya Rp6.900.000 ≈ tarif paket (rasio 1.01); LOS 4 hari dalam rentang median; obat dispensed sesuai dx; narasi rekam medis konsisten dengan penagihan; tidak ada kontradiksi.,0
KLM152,2026-01-13,RS_B,"D07 (dr. Gunawan Halim, Sp.B)",D07,P06 (Fajar Nugroho),P06,700000,0,rawat jalan,"K29.7 - Gastritis, tanpa perdarahan",K29.7,—,—,M04 x 7 vial; M08 x 10 tablet,kunjungan langsung (tanpa rujukan),"Nyeri ulu hati sejak 3 hari, terasa setelah makan dan minum kopi.",Gastritis tanpa perdarahan; diberikan terapi PPI. Pasien dianjurkan menghindari kopi dan makanan pedas.,Proses administrasi mudah dan ruangan bersih.,positif,0.65,0,low,0.07,auto_clear,none,,tidak ada sinyal dominan,T 0.04 · F 0.01 · S 0.02,NORMAL: dx K29.7 ditangani konservatif tanpa prosedur (sesuai guideline); biaya rawat jalan Rp700.000 dalam rentang median; terapi obat sesuai standar; narasi rekam medis konsisten dengan penagihan; tidak ada kontradiksi narasi.,0
KLM153,2026-01-13,RS_I,"D15 (dr. Oskar Lingga, Sp.PD)",D15,P26 (Yulia Ningsih),P26,1150000,0,rawat jalan,"E11.9 - Diabetes melitus tipe 2, tanpa komplikasi",E11.9,—,—,M01 x 60 tablet; M02 x 14 tablet,kunjungan langsung (tanpa rujukan),Kontrol rutin diabetes; sesekali sering haus dan kesemutan.,"Kontrol DM tipe 2; HbA1c 7,1 persen. Terapi metformin dilanjutkan, edukasi diet dan aktivitas fisik diberikan.",Kebersihan kamar mandi kurang terjaga.,negatif,-0.37,0,low,0.09,auto_clear,none,,tidak ada sinyal dominan,T 0.03 · F 0.03 · S 0.03,NORMAL: dx E11.9 ditangani konservatif tanpa prosedur (sesuai guideline); biaya rawat jalan Rp1.150.000 dalam rentang median; terapi obat sesuai standar; narasi rekam medis konsisten dengan penagihan; tidak ada kontradiksi narasi.,0
KLM154,2026-01-15,RS_A,"D01 (dr. Adnan Prakoso, Sp.BTKV)",D01,P02 (Bunga Lestari),P02,52250000,6,rawat inap,"I21.9 - Infark miokard akut, tidak spesifik",I21.9,00.66 - Angioplasti koroner + stent (PCI),00.66,M10 x 14 tablet; M06 x 14 tablet,undefined · RJ-2026-421 · 2026-01-14,"Nyeri dada menjalar ke lengan kiri selama 30 menit, keringat dingin.",Infark miokard; dilakukan PCI dengan 1 stent DES. Pasien pulang dengan terapi antiplatelet ganda.,"Nyaman dirawat di sini, fasilitas lengkap.",positif,0.76,0,low,0.12,auto_clear,none,,tidak ada sinyal dominan,T 0.04 · F 0.05 · S 0.03,NORMAL: dx I21.9 ditindaki 00.66 — pasangan klinis standar; biaya Rp52.250.000 ≈ tarif paket (rasio 0.90); LOS 6 hari dalam rentang median; obat dispensed sesuai dx; narasi rekam medis konsisten dengan penagihan; tidak ada kontradiksi.,0
KLM155,2026-01-15,RS_B,"D07 (dr. Gunawan Halim, Sp.B)",D07,P06 (Fajar Nugroho),P06,6600000,4,rawat inap,K35.8 - Apendisitis akut,K35.8,47.09 - Apendektomi,47.09,M03 x 6 vial; M08 x 12 tablet,undefined · RJ-2026-427 · 2026-01-14,"Nyeri perut kanan bawah sejak 2 hari, disertai mual dan demam.","Apendisitis akut; dilakukan apendektomi. Toleransi oral baik, luka operasi bersih, pasien pulang stabil.","Saya pulang dengan kondisi membaik, terima kasih atas perawatannya.",positif,0.84,0,low,0.08,auto_clear,none,,tidak ada sinyal dominan,T 0.02 · F 0.04 · S 0.02,NORMAL: dx K35.8 ditindaki 47.09 — pasangan klinis standar; biaya Rp6.600.000 ≈ tarif paket (rasio 0.97); LOS 4 hari dalam rentang median; obat dispensed sesuai dx; narasi rekam medis konsisten dengan penagihan; tidak ada kontradiksi.,0
KLM156,2026-01-15,RS_E,"D09 (dr. Indah Pratiwi, Sp.PD)",D09,P15 (Purnama Sidik),P15,3800000,6,rawat inap,"J18.9 - Pneumonia, organisme tidak spesifik",J18.9,—,—,M03 x 8 vial; M05 x 6 nebules,undefined · RJ-2026-440 · 2026-01-14,"Demam dan batuk berdahak 4 hari, sesak napas saat beraktivitas.","Pneumonia komunitas; antibiotik intravena dan nebulizer. Perbaikan klinis bertahap, pulang setelah perbaikan radiologis.","Pelayanan baik, penjelasan dokter jelas dan mudah dipahami.",positif,0.84,0,low,0.07,auto_clear,none,,tidak ada sinyal dominan,T 0.05 · F 0.01 · S 0.01,NORMAL: pneumonia (J18.9) diterapi medis tanpa prosedur invasif — konsisten; biaya Rp3.800.000 dalam rentang; LOS 6 hari = median dx; obat (antibiotik + nebulizer) sesuai; tanpa kontradiksi.,0
KLM157,2026-01-17,RS_G,"D16 (dr. Prasetyo Utomo, ",D16,P21 (Rahmat Fauzi),P21,61300000,4,rawat inap,"I21.9 - Infark miokard akut, tidak spesifik",I21.9,00.66 - Angioplasti koroner + stent (PCI),00.66,M10 x 14 tablet; M06 x 14 tablet,"Puskesmas Tlogo Sehat, Semarang · RJ-2026-452 · 2026-01-16","Nyeri dada menjalar ke lengan kiri selama 30 menit, keringat dingin.",Infark miokard; dilakukan PCI dengan 1 stent DES. Pasien pulang dengan terapi antiplatelet ganda.,Proses administrasi mudah dan ruangan bersih.,positif,0.64,0,low,0.07,auto_clear,none,,tidak ada sinyal dominan,T 0.01 · F 0.02 · S 0.04,NORMAL: dx I21.9 ditindaki 00.66 — pasangan klinis standar; biaya Rp61.300.000 ≈ tarif paket (rasio 1.06); LOS 4 hari dalam rentang median; obat dispensed sesuai dx; narasi rekam medis konsisten dengan penagihan; tidak ada kontradiksi.,0
KLM158,2026-01-19,RS_E,"D10 (dr. Joko Purnomo, Sp.S)",D10,P17 (Slamet Riyadi),P17,5650000,4,rawat inap,N20.0 - Kalkulus ginjal,N20.0,98.51 - Fragmentasi batu saluran kemih (ESWL),98.51,M08 x 12 tablet; M04 x 5 vial,undefined · RJ-2026-442 · 2026-01-18,Nyeri pinggang kolik menjalar ke selangkangan sejak semalam.,"Kolik renal karena kalkulus 8 mm; dilakukan ESWL. Pasien dianjurkan minum 2,5 liter per hari dan kontrol USG.",Makanan RS kurang variatif dan sering datang dingin.,negatif,-0.43,0,low,0.07,auto_clear,none,,tidak ada sinyal dominan,T 0.03 · F 0.01 · S 0.03,NORMAL: dx N20.0 ditindaki 98.51 — pasangan klinis standar; biaya Rp5.650.000 ≈ tarif paket (rasio 1.01); LOS 4 hari dalam rentang median; obat dispensed sesuai dx; narasi rekam medis konsisten dengan penagihan; tidak ada kontradiksi.,0
KLM159,2026-01-19,RS_J,"D20 (dr. Teguh Wijaya, Sp.B)",D20,P27 (Zainal Abidin),P27,9000000,4,rawat inap,"K40.9 - Hernia inguinalis, tanpa obstruksi",K40.9,53.1 - Reparasi hernia inguinalis,53.1,M03 x 4 vial; M08 x 10 tablet,"Puskesmas Balik Sehat, Balikpapan · RJ-2026-466 · 2026-01-18",Benjolan di lipatan paha yang membesar saat berdiri dan mengangkat beban.,Reparasi hernia inguinalis dengan mesh. Perawatan post-operatif tanpa komplikasi.,"Pelayanan cepat, dokter dan perawat sangat ramah.",positif,0.8,0,low,0.08,auto_clear,none,,tidak ada sinyal dominan,T 0.02 · F 0.03 · S 0.03,NORMAL: dx K40.9 ditindaki 53.1 — pasangan klinis standar; biaya Rp9.000.000 ≈ tarif paket (rasio 1.10); LOS 4 hari dalam rentang median; obat dispensed sesuai dx; narasi rekam medis konsisten dengan penagihan; tidak ada kontradiksi.,0
KLM160,2026-01-20,RS_H,"D14 (dr. Nurul Aini, Sp.PD)",D14,P34 (Gita Puspita),P34,1000000,0,rawat jalan,I10 - Hipertensi esensial,I10,—,—,M02 x 30 tablet,kunjungan langsung (tanpa rujukan),Kontrol rutin tekanan darah tinggi.,"Kontrol hipertensi; tekanan darah 138/84 mmHg. Terapi amlodipin dilanjutkan, edukasi garam diberikan.","Pelayanan baik, penjelasan dokter jelas dan mudah dipahami.",positif,0.69,0,low,0.05,auto_clear,none,,tidak ada sinyal dominan,T 0.02 · F 0.02 · S 0.01,NORMAL: dx I10 ditangani konservatif tanpa prosedur (sesuai guideline); biaya rawat jalan Rp1.000.000 dalam rentang median; terapi obat sesuai standar; narasi rekam medis konsisten dengan penagihan; tidak ada kontradiksi narasi.,0
KLM161,2026-01-21,RS_G,"D16 (dr. Prasetyo Utomo, ",D16,P35 (Hasan Basri),P35,52900000,6,rawat inap,"I21.9 - Infark miokard akut, tidak spesifik",I21.9,00.66 - Angioplasti koroner + stent (PCI),00.66,M10 x 14 tablet; M06 x 14 tablet,"Puskesmas Tlogo Sehat, Semarang · RJ-2026-491 · 2026-01-20","Nyeri dada menjalar ke lengan kiri selama 30 menit, keringat dingin.",Infark miokard; dilakukan PCI dengan 1 stent DES. Pasien pulang dengan terapi antiplatelet ganda.,"Pelayanan cepat, dokter dan perawat sangat ramah.",positif,0.75,0,low,0.08,auto_clear,none,,tidak ada sinyal dominan,T 0.03 · F 0.03 · S 0.02,NORMAL: dx I21.9 ditindaki 00.66 — pasangan klinis standar; biaya Rp52.900.000 ≈ tarif paket (rasio 0.91); LOS 6 hari dalam rentang median; obat dispensed sesuai dx; narasi rekam medis konsisten dengan penagihan; tidak ada kontradiksi.,0
KLM162,2026-01-22,RS_G,"D16 (dr. Prasetyo Utomo, ",D16,P22 (Sri Wahyuni),P22,52750000,4,rawat inap,"I21.9 - Infark miokard akut, tidak spesifik",I21.9,00.66 - Angioplasti koroner + stent (PCI),00.66,M10 x 14 tablet; M06 x 14 tablet,"Puskesmas Tlogo Sehat, Semarang · RJ-2026-459 · 2026-01-21","Nyeri dada menjalar ke lengan kiri selama 30 menit, keringat dingin.",Infark miokard; dilakukan PCI dengan 1 stent DES. Pasien pulang dengan terapi antiplatelet ganda.,"Saya pulang dengan kondisi membaik, terima kasih atas perawatannya.",positif,0.65,0,low,0.08,auto_clear,none,,tidak ada sinyal dominan,T 0.04 · F 0.02 · S 0.02,NORMAL: dx I21.9 ditindaki 00.66 — pasangan klinis standar; biaya Rp52.750.000 ≈ tarif paket (rasio 0.91); LOS 4 hari dalam rentang median; obat dispensed sesuai dx; narasi rekam medis konsisten dengan penagihan; tidak ada kontradiksi.,0
KLM163,2026-01-22,RS_I,"D15 (dr. Oskar Lingga, Sp.PD)",D15,P26 (Yulia Ningsih),P26,1100000,0,rawat jalan,"E11.9 - Diabetes melitus tipe 2, tanpa komplikasi",E11.9,—,—,M01 x 60 tablet; M02 x 14 tablet,kunjungan langsung (tanpa rujukan),Kontrol rutin diabetes; sesekali sering haus dan kesemutan.,"Kontrol DM tipe 2; HbA1c 7,1 persen. Terapi metformin dilanjutkan, edukasi diet dan aktivitas fisik diberikan.","Nyaman dirawat di sini, fasilitas lengkap.",positif,0.74,0,low,0.1,auto_clear,none,,tidak ada sinyal dominan,T 0.03 · F 0.04 · S 0.03,NORMAL: dx E11.9 ditangani konservatif tanpa prosedur (sesuai guideline); biaya rawat jalan Rp1.100.000 dalam rentang median; terapi obat sesuai standar; narasi rekam medis konsisten dengan penagihan; tidak ada kontradiksi narasi.,0
KLM164,2026-01-22,RS_G,"D16 (dr. Prasetyo Utomo, ",D16,P33 (Fauzi Rahman),P33,1100000,0,rawat jalan,"E11.9 - Diabetes melitus tipe 2, tanpa komplikasi",E11.9,—,—,M01 x 60 tablet; M02 x 14 tablet,kunjungan langsung (tanpa rujukan),Kontrol rutin diabetes; sesekali sering haus dan kesemutan.,"Kontrol DM tipe 2; HbA1c 7,1 persen. Terapi metformin dilanjutkan, edukasi diet dan aktivitas fisik diberikan.",Proses administrasi mudah dan ruangan bersih.,positif,0.62,0,low,0.1,auto_clear,none,,tidak ada sinyal dominan,T 0.04 · F 0.02 · S 0.04,NORMAL: dx E11.9 ditangani konservatif tanpa prosedur (sesuai guideline); biaya rawat jalan Rp1.100.000 dalam rentang median; terapi obat sesuai standar; narasi rekam medis konsisten dengan penagihan; tidak ada kontradiksi narasi.,0
KLM165,2026-01-23,RS_G,"D13 (dr. Mulyadi Santoso, Sp.B)",D13,P33 (Fauzi Rahman),P33,6900000,3,rawat inap,K35.8 - Apendisitis akut,K35.8,47.09 - Apendektomi,47.09,M03 x 6 vial; M08 x 12 tablet,"Puskesmas Tlogo Sehat, Semarang · RJ-2026-487 · 2026-01-22","Nyeri perut kanan bawah sejak 2 hari, disertai mual dan demam.","Apendisitis akut; dilakukan apendektomi. Toleransi oral baik, luka operasi bersih, pasien pulang stabil.","Saya pulang dengan kondisi membaik, terima kasih atas perawatannya.",positif,0.72,0,low,0.08,auto_clear,none,,tidak ada sinyal dominan,T 0.03 · F 0.02 · S 0.03,NORMAL: dx K35.8 ditindaki 47.09 — pasangan klinis standar; biaya Rp6.900.000 ≈ tarif paket (rasio 1.01); LOS 3 hari dalam rentang median; obat dispensed sesuai dx; narasi rekam medis konsisten dengan penagihan; tidak ada kontradiksi.,0
KLM166,2026-01-23,RS_J,"D20 (dr. Teguh Wijaya, Sp.B)",D20,P36 (Ifa Hidayati),P36,14750000,3,rawat inap,"K80.2 - Kolelitiasis, tanpa kolesistitis",K80.2,51.23 - Kolesistektomi laparoskopik,51.23,M03 x 6 vial; M04 x 7 vial,"Puskesmas Balik Sehat, Balikpapan · RJ-2026-495 · 2026-01-22","Nyeri perut kanan atas berulang, terasa setelah makan berlemak.","Kolelitiasis; dilakukan kolesistektomi laparoskopik. Toleransi oral baik, pasien pulang dengan kontrol poliklinik.",Proses administrasi mudah dan ruangan bersih.,positif,0.79,0,low,0.07,auto_clear,none,,tidak ada sinyal dominan,T 0.02 · F 0.04 · S 0.01,NORMAL: dx K80.2 ditindaki 51.23 — pasangan klinis standar; biaya Rp14.750.000 ≈ tarif paket (rasio 1.02); LOS 3 hari dalam rentang median; obat dispensed sesuai dx; narasi rekam medis konsisten dengan penagihan; tidak ada kontradiksi.,0
KLM167,2026-01-24,RS_G,"D13 (dr. Mulyadi Santoso, Sp.B)",D13,P22 (Sri Wahyuni),P22,13850000,3,rawat inap,"K80.2 - Kolelitiasis, tanpa kolesistitis",K80.2,51.23 - Kolesistektomi laparoskopik,51.23,M03 x 6 vial; M04 x 7 vial,"Puskesmas Tlogo Sehat, Semarang · RJ-2026-456 · 2026-01-23","Nyeri perut kanan atas berulang, terasa setelah makan berlemak.","Kolelitiasis; dilakukan kolesistektomi laparoskopik. Toleransi oral baik, pasien pulang dengan kontrol poliklinik.","Saya pulang dengan kondisi membaik, terima kasih atas perawatannya.",positif,0.78,0,low,0.13,auto_clear,none,,tidak ada sinyal dominan,T 0.05 · F 0.04 · S 0.04,NORMAL: dx K80.2 ditindaki 51.23 — pasangan klinis standar; biaya Rp13.850.000 ≈ tarif paket (rasio 0.96); LOS 3 hari dalam rentang median; obat dispensed sesuai dx; narasi rekam medis konsisten dengan penagihan; tidak ada kontradiksi.,0
KLM168,2026-01-26,RS_H,"D14 (dr. Nurul Aini, Sp.PD)",D14,P30 (Citra Ayu Lestari),P30,4450000,5,rawat inap,"J18.9 - Pneumonia, organisme tidak spesifik",J18.9,—,—,M03 x 8 vial; M05 x 6 nebules,"Puskesmas Sanur Sehat, Denpasar · RJ-2026-476 · 2026-01-25","Demam dan batuk berdahak 4 hari, sesak napas saat beraktivitas.","Pneumonia komunitas; antibiotik intravena dan nebulizer. Perbaikan klinis bertahap, pulang setelah perbaikan radiologis.","Lumayan, walaupun antrean cukup panjang.",netral,0.08,0,low,0.08,auto_clear,none,,tidak ada sinyal dominan,T 0.02 · F 0.03 · S 0.03,NORMAL: pneumonia (J18.9) diterapi medis tanpa prosedur invasif — konsisten; biaya Rp4.450.000 dalam rentang; LOS 5 hari = median dx; obat (antibiotik + nebulizer) sesuai; tanpa kontradiksi.,0
KLM169,2026-01-27,RS_G,"D16 (dr. Prasetyo Utomo, ",D16,P37 (Jefri Nainggolan),P37,900000,0,rawat jalan,I10 - Hipertensi esensial,I10,—,—,M02 x 30 tablet,kunjungan langsung (tanpa rujukan),Kontrol rutin tekanan darah tinggi.,"Kontrol hipertensi; tekanan darah 138/84 mmHg. Terapi amlodipin dilanjutkan, edukasi garam diberikan.",Proses administrasi mudah dan ruangan bersih.,positif,0.83,0,low,0.08,auto_clear,none,,tidak ada sinyal dominan,T 0.03 · F 0.03 · S 0.02,NORMAL: dx I10 ditangani konservatif tanpa prosedur (sesuai guideline); biaya rawat jalan Rp900.000 dalam rentang median; terapi obat sesuai standar; narasi rekam medis konsisten dengan penagihan; tidak ada kontradiksi narasi.,0
KLM170,2026-02-02,RS_F,"D08 (dr. Hendra Maulana, Sp.B)",D08,P19 (Umi Kalsum),P19,7550000,3,rawat inap,"K40.9 - Hernia inguinalis, tanpa obstruksi",K40.9,53.1 - Reparasi hernia inguinalis,53.1,M03 x 4 vial; M08 x 10 tablet,undefined · RJ-2026-445 · 2026-02-01,Benjolan di lipatan paha yang membesar saat berdiri dan mengangkat beban.,Reparasi hernia inguinalis dengan mesh. Perawatan post-operatif tanpa komplikasi.,"Pelayanan baik, penjelasan dokter jelas dan mudah dipahami.",positif,0.64,0,low,0.06,auto_clear,none,,tidak ada sinyal dominan,T 0.01 · F 0.04 · S 0.01,NORMAL: dx K40.9 ditindaki 53.1 — pasangan klinis standar; biaya Rp7.550.000 ≈ tarif paket (rasio 0.92); LOS 3 hari dalam rentang median; obat dispensed sesuai dx; narasi rekam medis konsisten dengan penagihan; tidak ada kontradiksi.,0
KLM171,2026-02-02,RS_H,"D14 (dr. Nurul Aini, Sp.PD)",D14,P30 (Citra Ayu Lestari),P30,4250000,4,rawat inap,"J18.9 - Pneumonia, organisme tidak spesifik",J18.9,—,—,M03 x 8 vial; M05 x 6 nebules,"Puskesmas Sanur Sehat, Denpasar · RJ-2026-475 · 2026-02-01","Demam dan batuk berdahak 4 hari, sesak napas saat beraktivitas.","Pneumonia komunitas; antibiotik intravena dan nebulizer. Perbaikan klinis bertahap, pulang setelah perbaikan radiologis.","Saya pulang dengan kondisi membaik, terima kasih atas perawatannya.",positif,0.82,0,low,0.09,auto_clear,none,,tidak ada sinyal dominan,T 0.03 · F 0.02 · S 0.04,NORMAL: pneumonia (J18.9) diterapi medis tanpa prosedur invasif — konsisten; biaya Rp4.250.000 dalam rentang; LOS 4 hari = median dx; obat (antibiotik + nebulizer) sesuai; tanpa kontradiksi.,0
KLM172,2026-02-02,RS_G,"D13 (dr. Mulyadi Santoso, Sp.B)",D13,P33 (Fauzi Rahman),P33,6800000,4,rawat inap,K35.8 - Apendisitis akut,K35.8,47.09 - Apendektomi,47.09,M03 x 6 vial; M08 x 12 tablet,"Puskesmas Tlogo Sehat, Semarang · RJ-2026-486 · 2026-02-01","Nyeri perut kanan bawah sejak 2 hari, disertai mual dan demam.","Apendisitis akut; dilakukan apendektomi. Toleransi oral baik, luka operasi bersih, pasien pulang stabil.","Pelayanan standar, tidak ada keluhan berarti.",netral,0.12,0,low,0.09,auto_clear,none,,tidak ada sinyal dominan,T 0.04 · F 0.02 · S 0.03,NORMAL: dx K35.8 ditindaki 47.09 — pasangan klinis standar; biaya Rp6.800.000 ≈ tarif paket (rasio 1.00); LOS 4 hari dalam rentang median; obat dispensed sesuai dx; narasi rekam medis konsisten dengan penagihan; tidak ada kontradiksi.,0
KLM173,2026-02-05,RS_A,"D01 (dr. Adnan Prakoso, Sp.BTKV)",D01,P03 (Candra Wijaya),P03,58850000,6,rawat inap,"I21.9 - Infark miokard akut, tidak spesifik",I21.9,00.66 - Angioplasti koroner + stent (PCI),00.66,M10 x 14 tablet; M06 x 14 tablet,undefined · RJ-2026-422 · 2026-02-04,"Nyeri dada menjalar ke lengan kiri selama 30 menit, keringat dingin.",Infark miokard; dilakukan PCI dengan 1 stent DES. Pasien pulang dengan terapi antiplatelet ganda.,Proses administrasi mudah dan ruangan bersih.,positif,0.78,0,low,0.07,auto_clear,none,,tidak ada sinyal dominan,T 0.01 · F 0.04 · S 0.02,NORMAL: dx I21.9 ditindaki 00.66 — pasangan klinis standar; biaya Rp58.850.000 ≈ tarif paket (rasio 1.01); LOS 6 hari dalam rentang median; obat dispensed sesuai dx; narasi rekam medis konsisten dengan penagihan; tidak ada kontradiksi.,0
KLM174,2026-02-05,RS_G,"D16 (dr. Prasetyo Utomo, ",D16,P29 (Bambang Riyanto),P29,950000,0,rawat jalan,I10 - Hipertensi esensial,I10,—,—,M02 x 30 tablet,kunjungan langsung (tanpa rujukan),Kontrol rutin tekanan darah tinggi.,"Kontrol hipertensi; tekanan darah 138/84 mmHg. Terapi amlodipin dilanjutkan, edukasi garam diberikan.",Proses administrasi mudah dan ruangan bersih.,positif,0.84,0,low,0.06,auto_clear,none,,tidak ada sinyal dominan,T 0.02 · F 0.02 · S 0.02,NORMAL: dx I10 ditangani konservatif tanpa prosedur (sesuai guideline); biaya rawat jalan Rp950.000 dalam rentang median; terapi obat sesuai standar; narasi rekam medis konsisten dengan penagihan; tidak ada kontradiksi narasi.,0
KLM175,2026-02-05,RS_I,"D18 (dr. Rizky Ramadhan, Sp.OT)",D18,P31 (Dedi Kurniawan),P31,8150000,4,rawat inap,"K40.9 - Hernia inguinalis, tanpa obstruksi",K40.9,53.1 - Reparasi hernia inguinalis,53.1,M03 x 4 vial; M08 x 10 tablet,"Puskesmas Musi Sehat, Palembang · RJ-2026-480 · 2026-02-04",Benjolan di lipatan paha yang membesar saat berdiri dan mengangkat beban.,Reparasi hernia inguinalis dengan mesh. Perawatan post-operatif tanpa komplikasi.,"Saya pulang dengan kondisi membaik, terima kasih atas perawatannya.",positif,0.82,0,low,0.11,auto_clear,none,,tidak ada sinyal dominan,T 0.03 · F 0.05 · S 0.03,NORMAL: dx K40.9 ditindaki 53.1 — pasangan klinis standar; biaya Rp8.150.000 ≈ tarif paket (rasio 0.99); LOS 4 hari dalam rentang median; obat dispensed sesuai dx; narasi rekam medis konsisten dengan penagihan; tidak ada kontradiksi.,0
KLM176,2026-02-06,RS_F,"D12 (dr. Lina Marlina, Sp.OG)",D12,P05 (Eka Putri),P05,3900000,2,rawat inap,O80 - Persalinan tunggal spontan,O80,—,—,M08 x 12 tablet,undefined · RJ-2026-426 · 2026-02-05,Kontraksi teratur dan keluarnya cairan sejak pagi.,Persalinan tunggal spontan pervaginam tanpa komplikasi. Ibu dan bayi dalam kondisi baik.,"Nyaman dirawat di sini, fasilitas lengkap.",positif,0.61,0,low,0.1,auto_clear,none,,tidak ada sinyal dominan,T 0.03 · F 0.04 · S 0.03,NORMAL: persalinan tunggal spontan (O80) ditagih tanpa prosedur seksio — kode dan tindakan konsisten (bukan upcoding); biaya Rp3.900.000 dalam paket persalinan normal; LOS 2 hari wajar; narasi konsisten.,0
KLM177,2026-02-08,RS_A,"D03 (dr. Citra Ayuningtyas, Sp.PD)",D03,P01 (Agus Raharjo),P01,950000,0,rawat jalan,N39.0 - Infeksi saluran kemih,N39.0,—,—,M03 x 3 vial; M08 x 10 tablet,kunjungan langsung (tanpa rujukan),Sakit saat berkemih dan sering ingin buang air kecil.,Infeksi saluran kemih; antibiotik dan anjuran minum banyak. Perbaikan gejala dalam 3 hari.,"Cukup membantu, tapi proses administrasi bertele-tele.",netral,0.13,0,low,0.07,auto_clear,none,,tidak ada sinyal dominan,T 0.03 · F 0.02 · S 0.02,NORMAL: dx N39.0 ditangani konservatif tanpa prosedur (sesuai guideline); biaya rawat jalan Rp950.000 dalam rentang median; terapi obat sesuai standar; narasi rekam medis konsisten dengan penagihan; tidak ada kontradiksi narasi.,0
KLM178,2026-02-09,RS_G,"D13 (dr. Mulyadi Santoso, Sp.B)",D13,P21 (Rahmat Fauzi),P21,8800000,3,rawat inap,"K40.9 - Hernia inguinalis, tanpa obstruksi",K40.9,53.1 - Reparasi hernia inguinalis,53.1,M03 x 4 vial; M08 x 10 tablet,"Puskesmas Tlogo Sehat, Semarang · RJ-2026-449 · 2026-02-08",Benjolan di lipatan paha yang membesar saat berdiri dan mengangkat beban.,Reparasi hernia inguinalis dengan mesh. Perawatan post-operatif tanpa komplikasi.,Antrean sangat lama dan tempat parkir sempit.,negatif,-0.33,0,low,0.09,auto_clear,none,,tidak ada sinyal dominan,T 0.04 · F 0.02 · S 0.03,NORMAL: dx K40.9 ditindaki 53.1 — pasangan klinis standar; biaya Rp8.800.000 ≈ tarif paket (rasio 1.07); LOS 3 hari dalam rentang median; obat dispensed sesuai dx; narasi rekam medis konsisten dengan penagihan; tidak ada kontradiksi.,0
KLM179,2026-02-11,RS_I,"D15 (dr. Oskar Lingga, Sp.PD)",D15,P26 (Yulia Ningsih),P26,1250000,0,rawat jalan,"E11.9 - Diabetes melitus tipe 2, tanpa komplikasi",E11.9,—,—,M01 x 60 tablet; M02 x 14 tablet,kunjungan langsung (tanpa rujukan),Kontrol rutin diabetes; sesekali sering haus dan kesemutan.,"Kontrol DM tipe 2; HbA1c 7,1 persen. Terapi metformin dilanjutkan, edukasi diet dan aktivitas fisik diberikan.","Antrean poli sangat panjang, menunggu hampir dua jam.",negatif,-0.41,0,low,0.13,auto_clear,none,,tidak ada sinyal dominan,T 0.05 · F 0.05 · S 0.03,NORMAL: dx E11.9 ditangani konservatif tanpa prosedur (sesuai guideline); biaya rawat jalan Rp1.250.000 dalam rentang median; terapi obat sesuai standar; narasi rekam medis konsisten dengan penagihan; tidak ada kontradiksi narasi.,0
KLM180,2026-02-12,RS_I,"D15 (dr. Oskar Lingga, Sp.PD)",D15,P26 (Yulia Ningsih),P26,1250000,0,rawat jalan,"E11.9 - Diabetes melitus tipe 2, tanpa komplikasi",E11.9,—,—,M01 x 60 tablet; M02 x 14 tablet,kunjungan langsung (tanpa rujukan),Kontrol rutin diabetes; sesekali sering haus dan kesemutan.,"Kontrol DM tipe 2; HbA1c 7,1 persen. Terapi metformin dilanjutkan, edukasi diet dan aktivitas fisik diberikan.","Saya pulang dengan kondisi membaik, terima kasih atas perawatannya.",positif,0.69,0,low,0.07,auto_clear,none,,tidak ada sinyal dominan,T 0.02 · F 0.03 · S 0.02,NORMAL: dx E11.9 ditangani konservatif tanpa prosedur (sesuai guideline); biaya rawat jalan Rp1.250.000 dalam rentang median; terapi obat sesuai standar; narasi rekam medis konsisten dengan penagihan; tidak ada kontradiksi narasi.,0
KLM181,2026-02-13,RS_E,"D09 (dr. Indah Pratiwi, Sp.PD)",D09,P17 (Slamet Riyadi),P17,1050000,0,rawat jalan,N39.0 - Infeksi saluran kemih,N39.0,—,—,M03 x 3 vial; M08 x 10 tablet,kunjungan langsung (tanpa rujukan),Sakit saat berkemih dan sering ingin buang air kecil.,Infeksi saluran kemih; antibiotik dan anjuran minum banyak. Perbaikan gejala dalam 3 hari.,Kebersihan kamar mandi kurang terjaga.,negatif,-0.34,0,low,0.09,auto_clear,none,,tidak ada sinyal dominan,T 0.04 · F 0.04 · S 0.01,NORMAL: dx N39.0 ditangani konservatif tanpa prosedur (sesuai guideline); biaya rawat jalan Rp1.050.000 dalam rentang median; terapi obat sesuai standar; narasi rekam medis konsisten dengan penagihan; tidak ada kontradiksi narasi.,0
KLM182,2026-02-13,RS_G,"D16 (dr. Prasetyo Utomo, ",D16,P29 (Bambang Riyanto),P29,1200000,0,rawat jalan,"E11.9 - Diabetes melitus tipe 2, tanpa komplikasi",E11.9,—,—,M01 x 60 tablet; M02 x 14 tablet,kunjungan langsung (tanpa rujukan),Kontrol rutin diabetes; sesekali sering haus dan kesemutan.,"Kontrol DM tipe 2; HbA1c 7,1 persen. Terapi metformin dilanjutkan, edukasi diet dan aktivitas fisik diberikan.","Pelayanan baik, penjelasan dokter jelas dan mudah dipahami.",positif,0.76,0,low,0.06,auto_clear,none,,tidak ada sinyal dominan,T 0.03 · F 0.01 · S 0.02,NORMAL: dx E11.9 ditangani konservatif tanpa prosedur (sesuai guideline); biaya rawat jalan Rp1.200.000 dalam rentang median; terapi obat sesuai standar; narasi rekam medis konsisten dengan penagihan; tidak ada kontradiksi narasi.,0
KLM183,2026-02-13,RS_H,"D14 (dr. Nurul Aini, Sp.PD)",D14,P38 (Kirana Maheswari),P38,4400000,6,rawat inap,"J18.9 - Pneumonia, organisme tidak spesifik",J18.9,—,—,M03 x 8 vial; M05 x 6 nebules,"Puskesmas Sanur Sehat, Denpasar · RJ-2026-501 · 2026-02-12","Demam dan batuk berdahak 4 hari, sesak napas saat beraktivitas.","Pneumonia komunitas; antibiotik intravena dan nebulizer. Perbaikan klinis bertahap, pulang setelah perbaikan radiologis.","Nyaman dirawat di sini, fasilitas lengkap.",positif,0.75,0,low,0.05,auto_clear,none,,tidak ada sinyal dominan,T 0.01 · F 0.03 · S 0.01,NORMAL: pneumonia (J18.9) diterapi medis tanpa prosedur invasif — konsisten; biaya Rp4.400.000 dalam rentang; LOS 6 hari = median dx; obat (antibiotik + nebulizer) sesuai; tanpa kontradiksi.,0
KLM184,2026-02-14,RS_I,"D15 (dr. Oskar Lingga, Sp.PD)",D15,P31 (Dedi Kurniawan),P31,950000,0,rawat jalan,I10 - Hipertensi esensial,I10,—,—,M02 x 30 tablet,kunjungan langsung (tanpa rujukan),Kontrol rutin tekanan darah tinggi.,"Kontrol hipertensi; tekanan darah 138/84 mmHg. Terapi amlodipin dilanjutkan, edukasi garam diberikan.","Pelayanan baik, penjelasan dokter jelas dan mudah dipahami.",positif,0.71,0,low,0.1,auto_clear,none,,tidak ada sinyal dominan,T 0.05 · F 0.02 · S 0.03,NORMAL: dx I10 ditangani konservatif tanpa prosedur (sesuai guideline); biaya rawat jalan Rp950.000 dalam rentang median; terapi obat sesuai standar; narasi rekam medis konsisten dengan penagihan; tidak ada kontradiksi narasi.,0
KLM185,2026-02-17,RS_I,"D15 (dr. Oskar Lingga, Sp.PD)",D15,P25 (Wawan Setiawan),P25,1100000,0,rawat jalan,N39.0 - Infeksi saluran kemih,N39.0,—,—,M03 x 3 vial; M08 x 10 tablet,kunjungan langsung (tanpa rujukan),Sakit saat berkemih dan sering ingin buang air kecil.,Infeksi saluran kemih; antibiotik dan anjuran minum banyak. Perbaikan gejala dalam 3 hari.,Proses administrasi mudah dan ruangan bersih.,positif,0.66,0,low,0.07,auto_clear,none,,tidak ada sinyal dominan,T 0.02 · F 0.03 · S 0.02,NORMAL: dx N39.0 ditangani konservatif tanpa prosedur (sesuai guideline); biaya rawat jalan Rp1.100.000 dalam rentang median; terapi obat sesuai standar; narasi rekam medis konsisten dengan penagihan; tidak ada kontradiksi narasi.,0
KLM186,2026-02-19,RS_J,"D20 (dr. Teguh Wijaya, Sp.B)",D20,P28 (Anisa Fitriani),P28,8350000,2,rawat inap,"K40.9 - Hernia inguinalis, tanpa obstruksi",K40.9,53.1 - Reparasi hernia inguinalis,53.1,M03 x 4 vial; M08 x 10 tablet,"Puskesmas Balik Sehat, Balikpapan · RJ-2026-470 · 2026-02-18",Benjolan di lipatan paha yang membesar saat berdiri dan mengangkat beban.,Reparasi hernia inguinalis dengan mesh. Perawatan post-operatif tanpa komplikasi.,"Antrean poli sangat panjang, menunggu hampir dua jam.",negatif,-0.32,0,low,0.08,auto_clear,none,,tidak ada sinyal dominan,T 0.03 · F 0.02 · S 0.03,NORMAL: dx K40.9 ditindaki 53.1 — pasangan klinis standar; biaya Rp8.350.000 ≈ tarif paket (rasio 1.02); LOS 2 hari dalam rentang median; obat dispensed sesuai dx; narasi rekam medis konsisten dengan penagihan; tidak ada kontradiksi.,0
KLM187,2026-02-19,RS_J,"D20 (dr. Teguh Wijaya, Sp.B)",D20,P32 (Endang Sulastri),P32,15800000,4,rawat inap,"K80.2 - Kolelitiasis, tanpa kolesistitis",K80.2,51.23 - Kolesistektomi laparoskopik,51.23,M03 x 6 vial; M04 x 7 vial,"Puskesmas Balik Sehat, Balikpapan · RJ-2026-481 · 2026-02-18","Nyeri perut kanan atas berulang, terasa setelah makan berlemak.","Kolelitiasis; dilakukan kolesistektomi laparoskopik. Toleransi oral baik, pasien pulang dengan kontrol poliklinik.","Pelayanan baik, penjelasan dokter jelas dan mudah dipahami.",positif,0.63,0,low,0.07,auto_clear,none,,tidak ada sinyal dominan,T 0.01 · F 0.04 · S 0.02,NORMAL: dx K80.2 ditindaki 51.23 — pasangan klinis standar; biaya Rp15.800.000 ≈ tarif paket (rasio 1.09); LOS 4 hari dalam rentang median; obat dispensed sesuai dx; narasi rekam medis konsisten dengan penagihan; tidak ada kontradiksi.,0
KLM188,2026-02-20,RS_A,"D03 (dr. Citra Ayuningtyas, Sp.PD)",D03,P01 (Agus Raharjo),P01,4050000,4,rawat inap,"J18.9 - Pneumonia, organisme tidak spesifik",J18.9,—,—,M03 x 8 vial; M05 x 6 nebules,undefined · RJ-2026-420 · 2026-02-19,"Demam dan batuk berdahak 4 hari, sesak napas saat beraktivitas.","Pneumonia komunitas; antibiotik intravena dan nebulizer. Perbaikan klinis bertahap, pulang setelah perbaikan radiologis.","Saya pulang dengan kondisi membaik, terima kasih atas perawatannya.",positif,0.83,0,low,0.11,auto_clear,none,,tidak ada sinyal dominan,T 0.04 · F 0.04 · S 0.03,NORMAL: pneumonia (J18.9) diterapi medis tanpa prosedur invasif — konsisten; biaya Rp4.050.000 dalam rentang; LOS 4 hari = median dx; obat (antibiotik + nebulizer) sesuai; tanpa kontradiksi.,0
KLM189,2026-02-20,RS_G,"D16 (dr. Prasetyo Utomo, ",D16,P29 (Bambang Riyanto),P29,1050000,0,rawat jalan,"E11.9 - Diabetes melitus tipe 2, tanpa komplikasi",E11.9,—,—,M01 x 60 tablet; M02 x 14 tablet,kunjungan langsung (tanpa rujukan),Kontrol rutin diabetes; sesekali sering haus dan kesemutan.,"Kontrol DM tipe 2; HbA1c 7,1 persen. Terapi metformin dilanjutkan, edukasi diet dan aktivitas fisik diberikan.",Makanan RS kurang variatif dan sering datang dingin.,negatif,-0.35,0,low,0.11,auto_clear,none,,tidak ada sinyal dominan,T 0.05 · F 0.03 · S 0.03,NORMAL: dx E11.9 ditangani konservatif tanpa prosedur (sesuai guideline); biaya rawat jalan Rp1.050.000 dalam rentang median; terapi obat sesuai standar; narasi rekam medis konsisten dengan penagihan; tidak ada kontradiksi narasi.,0
KLM190,2026-02-20,RS_I,"D18 (dr. Rizky Ramadhan, Sp.OT)",D18,P39 (Lukman Hakim),P39,47550000,6,rawat inap,"S72.0 - Fraktur kolum femur, tertutup",S72.0,81.52 - Hemiarthroplasty panggul,81.52,M03 x 12 vial; M08 x 20 tablet,"Puskesmas Musi Sehat, Palembang · RJ-2026-507 · 2026-02-19","Terjatuh di kamar mandi, tidak dapat berdiri, nyeri hebat pada panggul.","Fraktur kolum femur; dilakukan hemiarthroplasty. Mobilisasi dengan fisioterapi, pulang dengan alat bantu jalan.",Kebersihan kamar mandi kurang terjaga.,negatif,-0.42,0,low,0.08,auto_clear,none,,tidak ada sinyal dominan,T 0.04 · F 0.01 · S 0.03,NORMAL: dx S72.0 ditindaki 81.52 — pasangan klinis standar; biaya Rp47.550.000 ≈ tarif paket (rasio 1.02); LOS 6 hari dalam rentang median; obat dispensed sesuai dx; narasi rekam medis konsisten dengan penagihan; tidak ada kontradiksi.,0
KLM191,2026-02-21,RS_J,"D20 (dr. Teguh Wijaya, Sp.B)",D20,P27 (Zainal Abidin),P27,13650000,5,rawat inap,"K80.2 - Kolelitiasis, tanpa kolesistitis",K80.2,51.23 - Kolesistektomi laparoskopik,51.23,M03 x 6 vial; M04 x 7 vial,"Puskesmas Balik Sehat, Balikpapan · RJ-2026-467 · 2026-02-20","Nyeri perut kanan atas berulang, terasa setelah makan berlemak.","Kolelitiasis; dilakukan kolesistektomi laparoskopik. Toleransi oral baik, pasien pulang dengan kontrol poliklinik.",Proses administrasi mudah dan ruangan bersih.,positif,0.68,0,low,0.07,auto_clear,none,,tidak ada sinyal dominan,T 0.02 · F 0.02 · S 0.03,NORMAL: dx K80.2 ditindaki 51.23 — pasangan klinis standar; biaya Rp13.650.000 ≈ tarif paket (rasio 0.94); LOS 5 hari dalam rentang median; obat dispensed sesuai dx; narasi rekam medis konsisten dengan penagihan; tidak ada kontradiksi.,0
KLM192,2026-02-21,RS_J,"D20 (dr. Teguh Wijaya, Sp.B)",D20,P40 (Maya Anggraini),P40,13500000,3,rawat inap,"K80.2 - Kolelitiasis, tanpa kolesistitis",K80.2,51.23 - Kolesistektomi laparoskopik,51.23,M03 x 6 vial; M04 x 7 vial,"Puskesmas Balik Sehat, Balikpapan · RJ-2026-509 · 2026-02-20","Nyeri perut kanan atas berulang, terasa setelah makan berlemak.","Kolelitiasis; dilakukan kolesistektomi laparoskopik. Toleransi oral baik, pasien pulang dengan kontrol poliklinik.",Proses administrasi mudah dan ruangan bersih.,positif,0.73,0,low,0.06,auto_clear,none,,tidak ada sinyal dominan,T 0.04 · F 0.01 · S 0.01,NORMAL: dx K80.2 ditindaki 51.23 — pasangan klinis standar; biaya Rp13.500.000 ≈ tarif paket (rasio 0.93); LOS 3 hari dalam rentang median; obat dispensed sesuai dx; narasi rekam medis konsisten dengan penagihan; tidak ada kontradiksi.,0
KLM193,2026-02-23,RS_H,"D17 (dr. Qori Rahmawati, Sp.A)",D17,P23 (Tono Sugiarto),P23,950000,0,rawat jalan,"J45.9 - Asma, tidak spesifik",J45.9,—,—,M05 x 6 nebules; M08 x 10 tablet,kunjungan langsung (tanpa rujukan),"Sesak napas berulang, batuk malam hari.",Asma stabil; diberikan nebulizer dan edukasi teknik inhaler. Kontrol berkala berikutnya.,"Saya pulang dengan kondisi membaik, terima kasih atas perawatannya.",positif,0.72,0,low,0.08,auto_clear,none,,tidak ada sinyal dominan,T 0.05 · F 0.01 · S 0.02,NORMAL: dx J45.9 ditangani konservatif tanpa prosedur (sesuai guideline); biaya rawat jalan Rp950.000 dalam rentang median; terapi obat sesuai standar; narasi rekam medis konsisten dengan penagihan; tidak ada kontradiksi narasi.,0
KLM194,2026-02-24,RS_H,"D17 (dr. Qori Rahmawati, Sp.A)",D17,P24 (Umi Rahayu),P24,1050000,0,rawat jalan,"J45.9 - Asma, tidak spesifik",J45.9,—,—,M05 x 6 nebules; M08 x 10 tablet,kunjungan langsung (tanpa rujukan),"Sesak napas berulang, batuk malam hari.",Asma stabil; diberikan nebulizer dan edukasi teknik inhaler. Kontrol berkala berikutnya.,"Nyaman dirawat di sini, fasilitas lengkap.",positif,0.65,0,low,0.08,auto_clear,none,,tidak ada sinyal dominan,T 0.02 · F 0.04 · S 0.02,NORMAL: dx J45.9 ditangani konservatif tanpa prosedur (sesuai guideline); biaya rawat jalan Rp1.050.000 dalam rentang median; terapi obat sesuai standar; narasi rekam medis konsisten dengan penagihan; tidak ada kontradiksi narasi.,0
KLM195,2026-02-25,RS_G,"D16 (dr. Prasetyo Utomo, ",D16,P21 (Rahmat Fauzi),P21,61400000,4,rawat inap,"I21.9 - Infark miokard akut, tidak spesifik",I21.9,00.66 - Angioplasti koroner + stent (PCI),00.66,M10 x 14 tablet; M06 x 14 tablet,"Puskesmas Tlogo Sehat, Semarang · RJ-2026-450 · 2026-02-24","Nyeri dada menjalar ke lengan kiri selama 30 menit, keringat dingin.",Infark miokard; dilakukan PCI dengan 1 stent DES. Pasien pulang dengan terapi antiplatelet ganda.,"Antrean poli sangat panjang, menunggu hampir dua jam.",negatif,-0.44,0,low,0.1,auto_clear,none,,tidak ada sinyal dominan,T 0.05 · F 0.03 · S 0.02,NORMAL: dx I21.9 ditindaki 00.66 — pasangan klinis standar; biaya Rp61.400.000 ≈ tarif paket (rasio 1.06); LOS 4 hari dalam rentang median; obat dispensed sesuai dx; narasi rekam medis konsisten dengan penagihan; tidak ada kontradiksi.,0
KLM196,2026-02-25,RS_J,"D20 (dr. Teguh Wijaya, Sp.B)",D20,P28 (Anisa Fitriani),P28,8750000,3,rawat inap,"K40.9 - Hernia inguinalis, tanpa obstruksi",K40.9,53.1 - Reparasi hernia inguinalis,53.1,M03 x 4 vial; M08 x 10 tablet,"Puskesmas Balik Sehat, Balikpapan · RJ-2026-469 · 2026-02-24",Benjolan di lipatan paha yang membesar saat berdiri dan mengangkat beban.,Reparasi hernia inguinalis dengan mesh. Perawatan post-operatif tanpa komplikasi.,"Pelayanan cepat, dokter dan perawat sangat ramah.",positif,0.76,0,low,0.07,auto_clear,none,,tidak ada sinyal dominan,T 0.03 · F 0.02 · S 0.02,NORMAL: dx K40.9 ditindaki 53.1 — pasangan klinis standar; biaya Rp8.750.000 ≈ tarif paket (rasio 1.07); LOS 3 hari dalam rentang median; obat dispensed sesuai dx; narasi rekam medis konsisten dengan penagihan; tidak ada kontradiksi.,0
KLM197,2026-02-26,RS_H,"D14 (dr. Nurul Aini, Sp.PD)",D14,P34 (Gita Puspita),P34,3900000,6,rawat inap,"J18.9 - Pneumonia, organisme tidak spesifik",J18.9,—,—,M03 x 8 vial; M05 x 6 nebules,"Puskesmas Sanur Sehat, Denpasar · RJ-2026-489 · 2026-02-25","Demam dan batuk berdahak 4 hari, sesak napas saat beraktivitas.","Pneumonia komunitas; antibiotik intravena dan nebulizer. Perbaikan klinis bertahap, pulang setelah perbaikan radiologis.","Pelayanan cepat, dokter dan perawat sangat ramah.",positif,0.64,0,low,0.09,auto_clear,none,,tidak ada sinyal dominan,T 0.04 · F 0.03 · S 0.02,NORMAL: pneumonia (J18.9) diterapi medis tanpa prosedur invasif — konsisten; biaya Rp3.900.000 dalam rentang; LOS 6 hari = median dx; obat (antibiotik + nebulizer) sesuai; tanpa kontradiksi.,0
KLM198,2026-02-26,RS_J,"D20 (dr. Teguh Wijaya, Sp.B)",D20,P40 (Maya Anggraini),P40,6650000,4,rawat inap,K35.8 - Apendisitis akut,K35.8,47.09 - Apendektomi,47.09,M03 x 6 vial; M08 x 12 tablet,"Puskesmas Balik Sehat, Balikpapan · RJ-2026-510 · 2026-02-25","Nyeri perut kanan bawah sejak 2 hari, disertai mual dan demam.","Apendisitis akut; dilakukan apendektomi. Toleransi oral baik, luka operasi bersih, pasien pulang stabil.",Proses administrasi mudah dan ruangan bersih.,positif,0.67,0,low,0.08,auto_clear,none,,tidak ada sinyal dominan,T 0.03 · F 0.03 · S 0.02,NORMAL: dx K35.8 ditindaki 47.09 — pasangan klinis standar; biaya Rp6.650.000 ≈ tarif paket (rasio 0.98); LOS 4 hari dalam rentang median; obat dispensed sesuai dx; narasi rekam medis konsisten dengan penagihan; tidak ada kontradiksi.,0
KLM199,2026-02-27,RS_E,"D09 (dr. Indah Pratiwi, Sp.PD)",D09,P16 (Ratna Dewi),P16,3850000,6,rawat inap,"J18.9 - Pneumonia, organisme tidak spesifik",J18.9,—,—,M03 x 8 vial; M05 x 6 nebules,undefined · RJ-2026-441 · 2026-02-26,"Demam dan batuk berdahak 4 hari, sesak napas saat beraktivitas.","Pneumonia komunitas; antibiotik intravena dan nebulizer. Perbaikan klinis bertahap, pulang setelah perbaikan radiologis.",Antrean sangat lama dan tempat parkir sempit.,negatif,-0.41,0,low,0.09,auto_clear,none,,tidak ada sinyal dominan,T 0.03 · F 0.05 · S 0.01,NORMAL: pneumonia (J18.9) diterapi medis tanpa prosedur invasif — konsisten; biaya Rp3.850.000 dalam rentang; LOS 6 hari = median dx; obat (antibiotik + nebulizer) sesuai; tanpa kontradiksi.,0
KLM200,2026-03-02,RS_H,"D14 (dr. Nurul Aini, Sp.PD)",D14,P30 (Citra Ayu Lestari),P30,1050000,0,rawat jalan,I10 - Hipertensi esensial,I10,—,—,M02 x 30 tablet,kunjungan langsung (tanpa rujukan),Kontrol rutin tekanan darah tinggi.,"Kontrol hipertensi; tekanan darah 138/84 mmHg. Terapi amlodipin dilanjutkan, edukasi garam diberikan.","Pelayanan baik, penjelasan dokter jelas dan mudah dipahami.",positif,0.66,0,low,0.1,auto_clear,none,,tidak ada sinyal dominan,T 0.04 · F 0.03 · S 0.03,NORMAL: dx I10 ditangani konservatif tanpa prosedur (sesuai guideline); biaya rawat jalan Rp1.050.000 dalam rentang median; terapi obat sesuai standar; narasi rekam medis konsisten dengan penagihan; tidak ada kontradiksi narasi.,0
KLM201,2026-03-03,RS_G,"D13 (dr. Mulyadi Santoso, Sp.B)",D13,P21 (Rahmat Fauzi),P21,14350000,3,rawat inap,"K80.2 - Kolelitiasis, tanpa kolesistitis",K80.2,51.23 - Kolesistektomi laparoskopik,51.23,M03 x 6 vial; M04 x 7 vial,"Puskesmas Tlogo Sehat, Semarang · RJ-2026-453 · 2026-03-02","Nyeri perut kanan atas berulang, terasa setelah makan berlemak.","Kolelitiasis; dilakukan kolesistektomi laparoskopik. Toleransi oral baik, pasien pulang dengan kontrol poliklinik.","Nyaman dirawat di sini, fasilitas lengkap.",positif,0.76,0,low,0.1,auto_clear,none,,tidak ada sinyal dominan,T 0.03 · F 0.03 · S 0.04,NORMAL: dx K80.2 ditindaki 51.23 — pasangan klinis standar; biaya Rp14.350.000 ≈ tarif paket (rasio 0.99); LOS 3 hari dalam rentang median; obat dispensed sesuai dx; narasi rekam medis konsisten dengan penagihan; tidak ada kontradiksi.,0
KLM202,2026-03-03,RS_I,"D15 (dr. Oskar Lingga, Sp.PD)",D15,P39 (Lukman Hakim),P39,1050000,0,rawat jalan,N39.0 - Infeksi saluran kemih,N39.0,—,—,M03 x 3 vial; M08 x 10 tablet,kunjungan langsung (tanpa rujukan),Sakit saat berkemih dan sering ingin buang air kecil.,Infeksi saluran kemih; antibiotik dan anjuran minum banyak. Perbaikan gejala dalam 3 hari.,Antrean sangat lama dan tempat parkir sempit.,negatif,-0.4,0,low,0.07,auto_clear,none,,tidak ada sinyal dominan,T 0.02 · F 0.03 · S 0.02,NORMAL: dx N39.0 ditangani konservatif tanpa prosedur (sesuai guideline); biaya rawat jalan Rp1.050.000 dalam rentang median; terapi obat sesuai standar; narasi rekam medis konsisten dengan penagihan; tidak ada kontradiksi narasi.,0
KLM203,2026-03-04,RS_H,"D14 (dr. Nurul Aini, Sp.PD)",D14,P38 (Kirana Maheswari),P38,3900000,5,rawat inap,"J18.9 - Pneumonia, organisme tidak spesifik",J18.9,—,—,M03 x 8 vial; M05 x 6 nebules,"Puskesmas Sanur Sehat, Denpasar · RJ-2026-503 · 2026-03-03","Demam dan batuk berdahak 4 hari, sesak napas saat beraktivitas.","Pneumonia komunitas; antibiotik intravena dan nebulizer. Perbaikan klinis bertahap, pulang setelah perbaikan radiologis.",Proses administrasi mudah dan ruangan bersih.,positif,0.76,0,low,0.11,auto_clear,none,,tidak ada sinyal dominan,T 0.03 · F 0.04 · S 0.04,NORMAL: pneumonia (J18.9) diterapi medis tanpa prosedur invasif — konsisten; biaya Rp3.900.000 dalam rentang; LOS 5 hari = median dx; obat (antibiotik + nebulizer) sesuai; tanpa kontradiksi.,0
KLM204,2026-03-06,RS_I,"D18 (dr. Rizky Ramadhan, Sp.OT)",D18,P31 (Dedi Kurniawan),P31,8750000,4,rawat inap,"K40.9 - Hernia inguinalis, tanpa obstruksi",K40.9,53.1 - Reparasi hernia inguinalis,53.1,M03 x 4 vial; M08 x 10 tablet,"Puskesmas Musi Sehat, Palembang · RJ-2026-479 · 2026-03-05",Benjolan di lipatan paha yang membesar saat berdiri dan mengangkat beban.,Reparasi hernia inguinalis dengan mesh. Perawatan post-operatif tanpa komplikasi.,"Pelayanan standar, tidak ada keluhan berarti.",netral,0.11,0,low,0.07,auto_clear,none,,tidak ada sinyal dominan,T 0.04 · F 0.02 · S 0.01,NORMAL: dx K40.9 ditindaki 53.1 — pasangan klinis standar; biaya Rp8.750.000 ≈ tarif paket (rasio 1.07); LOS 4 hari dalam rentang median; obat dispensed sesuai dx; narasi rekam medis konsisten dengan penagihan; tidak ada kontradiksi.,0
KLM205,2026-03-07,RS_G,"D13 (dr. Mulyadi Santoso, Sp.B)",D13,P33 (Fauzi Rahman),P33,8600000,2,rawat inap,"K40.9 - Hernia inguinalis, tanpa obstruksi",K40.9,53.1 - Reparasi hernia inguinalis,53.1,M03 x 4 vial; M08 x 10 tablet,"Puskesmas Tlogo Sehat, Semarang · RJ-2026-485 · 2026-03-06",Benjolan di lipatan paha yang membesar saat berdiri dan mengangkat beban.,Reparasi hernia inguinalis dengan mesh. Perawatan post-operatif tanpa komplikasi.,"Pelayanan cepat, dokter dan perawat sangat ramah.",positif,0.69,0,low,0.08,auto_clear,none,,tidak ada sinyal dominan,T 0.03 · F 0.02 · S 0.03,NORMAL: dx K40.9 ditindaki 53.1 — pasangan klinis standar; biaya Rp8.600.000 ≈ tarif paket (rasio 1.05); LOS 2 hari dalam rentang median; obat dispensed sesuai dx; narasi rekam medis konsisten dengan penagihan; tidak ada kontradiksi.,0
KLM206,2026-03-08,RS_J,"D20 (dr. Teguh Wijaya, Sp.B)",D20,P32 (Endang Sulastri),P32,8600000,4,rawat inap,"K40.9 - Hernia inguinalis, tanpa obstruksi",K40.9,53.1 - Reparasi hernia inguinalis,53.1,M03 x 4 vial; M08 x 10 tablet,"Puskesmas Balik Sehat, Balikpapan · RJ-2026-484 · 2026-03-07",Benjolan di lipatan paha yang membesar saat berdiri dan mengangkat beban.,Reparasi hernia inguinalis dengan mesh. Perawatan post-operatif tanpa komplikasi.,Proses administrasi mudah dan ruangan bersih.,positif,0.82,0,low,0.07,auto_clear,none,,tidak ada sinyal dominan,T 0.04 · F 0.01 · S 0.02,NORMAL: dx K40.9 ditindaki 53.1 — pasangan klinis standar; biaya Rp8.600.000 ≈ tarif paket (rasio 1.05); LOS 4 hari dalam rentang median; obat dispensed sesuai dx; narasi rekam medis konsisten dengan penagihan; tidak ada kontradiksi.,0
KLM207,2026-03-10,RS_A,"D03 (dr. Citra Ayuningtyas, Sp.PD)",D03,P03 (Candra Wijaya),P03,4500000,6,rawat inap,"J18.9 - Pneumonia, organisme tidak spesifik",J18.9,—,—,M03 x 8 vial; M05 x 6 nebules,undefined · RJ-2026-423 · 2026-03-09,"Demam dan batuk berdahak 4 hari, sesak napas saat beraktivitas.","Pneumonia komunitas; antibiotik intravena dan nebulizer. Perbaikan klinis bertahap, pulang setelah perbaikan radiologis.",Proses administrasi mudah dan ruangan bersih.,positif,0.75,0,low,0.11,auto_clear,none,,tidak ada sinyal dominan,T 0.04 · F 0.04 · S 0.03,NORMAL: pneumonia (J18.9) diterapi medis tanpa prosedur invasif — konsisten; biaya Rp4.500.000 dalam rentang; LOS 6 hari = median dx; obat (antibiotik + nebulizer) sesuai; tanpa kontradiksi.,0
KLM208,2026-03-10,RS_I,"D15 (dr. Oskar Lingga, Sp.PD)",D15,P25 (Wawan Setiawan),P25,4100000,4,rawat inap,"J18.9 - Pneumonia, organisme tidak spesifik",J18.9,—,—,M03 x 8 vial; M05 x 6 nebules,"Puskesmas Musi Sehat, Palembang · RJ-2026-462 · 2026-03-09","Demam dan batuk berdahak 4 hari, sesak napas saat beraktivitas.","Pneumonia komunitas; antibiotik intravena dan nebulizer. Perbaikan klinis bertahap, pulang setelah perbaikan radiologis.","Saya pulang dengan kondisi membaik, terima kasih atas perawatannya.",positif,0.72,0,low,0.11,auto_clear,none,,tidak ada sinyal dominan,T 0.04 · F 0.04 · S 0.03,NORMAL: pneumonia (J18.9) diterapi medis tanpa prosedur invasif — konsisten; biaya Rp4.100.000 dalam rentang; LOS 4 hari = median dx; obat (antibiotik + nebulizer) sesuai; tanpa kontradiksi.,0
KLM209,2026-03-11,RS_G,"D13 (dr. Mulyadi Santoso, Sp.B)",D13,P22 (Sri Wahyuni),P22,7150000,4,rawat inap,K35.8 - Apendisitis akut,K35.8,47.09 - Apendektomi,47.09,M03 x 6 vial; M08 x 12 tablet,"Puskesmas Tlogo Sehat, Semarang · RJ-2026-455 · 2026-03-10","Nyeri perut kanan bawah sejak 2 hari, disertai mual dan demam.","Apendisitis akut; dilakukan apendektomi. Toleransi oral baik, luka operasi bersih, pasien pulang stabil.",Antrean sangat lama dan tempat parkir sempit.,negatif,-0.35,0,low,0.07,auto_clear,none,,tidak ada sinyal dominan,T 0.01 · F 0.04 · S 0.02,NORMAL: dx K35.8 ditindaki 47.09 — pasangan klinis standar; biaya Rp7.150.000 ≈ tarif paket (rasio 1.05); LOS 4 hari dalam rentang median; obat dispensed sesuai dx; narasi rekam medis konsisten dengan penagihan; tidak ada kontradiksi.,0
KLM210,2026-03-11,RS_I,"D18 (dr. Rizky Ramadhan, Sp.OT)",D18,P25 (Wawan Setiawan),P25,8450000,3,rawat inap,"K40.9 - Hernia inguinalis, tanpa obstruksi",K40.9,53.1 - Reparasi hernia inguinalis,53.1,M03 x 4 vial; M08 x 10 tablet,"Puskesmas Musi Sehat, Palembang · RJ-2026-461 · 2026-03-10",Benjolan di lipatan paha yang membesar saat berdiri dan mengangkat beban.,Reparasi hernia inguinalis dengan mesh. Perawatan post-operatif tanpa komplikasi.,"Pelayanan standar, tidak ada keluhan berarti.",netral,0.09,0,low,0.1,auto_clear,none,,tidak ada sinyal dominan,T 0.04 · F 0.02 · S 0.04,NORMAL: dx K40.9 ditindaki 53.1 — pasangan klinis standar; biaya Rp8.450.000 ≈ tarif paket (rasio 1.03); LOS 3 hari dalam rentang median; obat dispensed sesuai dx; narasi rekam medis konsisten dengan penagihan; tidak ada kontradiksi.,0
KLM211,2026-03-13,RS_D,"D04 (dr. Danur Wibisono, ",D04,P07 (Gilang Saputra),P07,900000,0,rawat jalan,I10 - Hipertensi esensial,I10,—,—,M02 x 30 tablet,kunjungan langsung (tanpa rujukan),Kontrol rutin tekanan darah tinggi.,"Kontrol hipertensi; tekanan darah 138/84 mmHg. Terapi amlodipin dilanjutkan, edukasi garam diberikan.","Saya pulang dengan kondisi membaik, terima kasih atas perawatannya.",positif,0.75,0,low,0.07,auto_clear,none,,tidak ada sinyal dominan,T 0.02 · F 0.03 · S 0.02,NORMAL: dx I10 ditangani konservatif tanpa prosedur (sesuai guideline); biaya rawat jalan Rp900.000 dalam rentang median; terapi obat sesuai standar; narasi rekam medis konsisten dengan penagihan; tidak ada kontradiksi narasi.,0
KLM212,2026-03-13,RS_F,"D08 (dr. Hendra Maulana, Sp.B)",D08,P19 (Umi Kalsum),P19,6400000,2,rawat inap,K35.8 - Apendisitis akut,K35.8,47.09 - Apendektomi,47.09,M03 x 6 vial; M08 x 12 tablet,undefined · RJ-2026-446 · 2026-03-12,"Nyeri perut kanan bawah sejak 2 hari, disertai mual dan demam.","Apendisitis akut; dilakukan apendektomi. Toleransi oral baik, luka operasi bersih, pasien pulang stabil.","Saya pulang dengan kondisi membaik, terima kasih atas perawatannya.",positif,0.82,0,low,0.08,auto_clear,none,,tidak ada sinyal dominan,T 0.04 · F 0.02 · S 0.02,NORMAL: dx K35.8 ditindaki 47.09 — pasangan klinis standar; biaya Rp6.400.000 ≈ tarif paket (rasio 0.94); LOS 2 hari dalam rentang median; obat dispensed sesuai dx; narasi rekam medis konsisten dengan penagihan; tidak ada kontradiksi.,0
KLM213,2026-03-17,RS_C,"D05 (dr. Endra Kusuma, Sp.OT)",D05,P10 (Kartini Ibrahim),P10,45450000,7,rawat inap,"S72.0 - Fraktur kolum femur, tertutup",S72.0,81.52 - Hemiarthroplasty panggul,81.52,M03 x 12 vial; M08 x 20 tablet,undefined · RJ-2026-433 · 2026-03-16,"Terjatuh di kamar mandi, tidak dapat berdiri, nyeri hebat pada panggul.","Fraktur kolum femur; dilakukan hemiarthroplasty. Mobilisasi dengan fisioterapi, pulang dengan alat bantu jalan.","Pelayanan cepat, dokter dan perawat sangat ramah.",positif,0.79,0,low,0.08,auto_clear,none,,tidak ada sinyal dominan,T 0.05 · F 0.02 · S 0.01,NORMAL: dx S72.0 ditindaki 81.52 — pasangan klinis standar; biaya Rp45.450.000 ≈ tarif paket (rasio 0.98); LOS 7 hari dalam rentang median; obat dispensed sesuai dx; narasi rekam medis konsisten dengan penagihan; tidak ada kontradiksi.,0
KLM214,2026-03-19,RS_I,"D15 (dr. Oskar Lingga, Sp.PD)",D15,P31 (Dedi Kurniawan),P31,4150000,6,rawat inap,"J18.9 - Pneumonia, organisme tidak spesifik",J18.9,—,—,M03 x 8 vial; M05 x 6 nebules,"Puskesmas Musi Sehat, Palembang · RJ-2026-478 · 2026-03-18","Demam dan batuk berdahak 4 hari, sesak napas saat beraktivitas.","Pneumonia komunitas; antibiotik intravena dan nebulizer. Perbaikan klinis bertahap, pulang setelah perbaikan radiologis.",Proses administrasi mudah dan ruangan bersih.,positif,0.71,0,low,0.1,auto_clear,none,,tidak ada sinyal dominan,T 0.04 · F 0.05 · S 0.01,NORMAL: pneumonia (J18.9) diterapi medis tanpa prosedur invasif — konsisten; biaya Rp4.150.000 dalam rentang; LOS 6 hari = median dx; obat (antibiotik + nebulizer) sesuai; tanpa kontradiksi.,0
KLM215,2026-03-20,RS_G,"D13 (dr. Mulyadi Santoso, Sp.B)",D13,P35 (Hasan Basri),P35,13900000,4,rawat inap,"K80.2 - Kolelitiasis, tanpa kolesistitis",K80.2,51.23 - Kolesistektomi laparoskopik,51.23,M03 x 6 vial; M04 x 7 vial,"Puskesmas Tlogo Sehat, Semarang · RJ-2026-492 · 2026-03-19","Nyeri perut kanan atas berulang, terasa setelah makan berlemak.","Kolelitiasis; dilakukan kolesistektomi laparoskopik. Toleransi oral baik, pasien pulang dengan kontrol poliklinik.","Pelayanan cepat, dokter dan perawat sangat ramah.",positif,0.81,0,low,0.06,auto_clear,none,,tidak ada sinyal dominan,T 0.02 · F 0.02 · S 0.02,NORMAL: dx K80.2 ditindaki 51.23 — pasangan klinis standar; biaya Rp13.900.000 ≈ tarif paket (rasio 0.96); LOS 4 hari dalam rentang median; obat dispensed sesuai dx; narasi rekam medis konsisten dengan penagihan; tidak ada kontradiksi.,0
KLM216,2026-03-21,RS_H,"D14 (dr. Nurul Aini, Sp.PD)",D14,P34 (Gita Puspita),P34,800000,0,rawat jalan,"K29.7 - Gastritis, tanpa perdarahan",K29.7,—,—,M04 x 7 vial; M08 x 10 tablet,kunjungan langsung (tanpa rujukan),"Nyeri ulu hati sejak 3 hari, terasa setelah makan dan minum kopi.",Gastritis tanpa perdarahan; diberikan terapi PPI. Pasien dianjurkan menghindari kopi dan makanan pedas.,Antrean sangat lama dan tempat parkir sempit.,negatif,-0.37,0,low,0.07,auto_clear,none,,tidak ada sinyal dominan,T 0.03 · F 0.03 · S 0.01,NORMAL: dx K29.7 ditangani konservatif tanpa prosedur (sesuai guideline); biaya rawat jalan Rp800.000 dalam rentang median; terapi obat sesuai standar; narasi rekam medis konsisten dengan penagihan; tidak ada kontradiksi narasi.,0
KLM217,2026-03-22,RS_G,"D16 (dr. Prasetyo Utomo, ",D16,P33 (Fauzi Rahman),P33,59900000,5,rawat inap,"I21.9 - Infark miokard akut, tidak spesifik",I21.9,00.66 - Angioplasti koroner + stent (PCI),00.66,M10 x 14 tablet; M06 x 14 tablet,"Puskesmas Tlogo Sehat, Semarang · RJ-2026-488 · 2026-03-21","Nyeri dada menjalar ke lengan kiri selama 30 menit, keringat dingin.",Infark miokard; dilakukan PCI dengan 1 stent DES. Pasien pulang dengan terapi antiplatelet ganda.,Makanan RS kurang variatif dan sering datang dingin.,negatif,-0.41,0,low,0.11,auto_clear,none,,tidak ada sinyal dominan,T 0.02 · F 0.05 · S 0.04,NORMAL: dx I21.9 ditindaki 00.66 — pasangan klinis standar; biaya Rp59.900.000 ≈ tarif paket (rasio 1.03); LOS 5 hari dalam rentang median; obat dispensed sesuai dx; narasi rekam medis konsisten dengan penagihan; tidak ada kontradiksi.,0
KLM218,2026-03-22,RS_J,"D20 (dr. Teguh Wijaya, Sp.B)",D20,P36 (Ifa Hidayati),P36,6250000,4,rawat inap,K35.8 - Apendisitis akut,K35.8,47.09 - Apendektomi,47.09,M03 x 6 vial; M08 x 12 tablet,"Puskesmas Balik Sehat, Balikpapan · RJ-2026-497 · 2026-03-21","Nyeri perut kanan bawah sejak 2 hari, disertai mual dan demam.","Apendisitis akut; dilakukan apendektomi. Toleransi oral baik, luka operasi bersih, pasien pulang stabil.","Nyaman dirawat di sini, fasilitas lengkap.",positif,0.76,0,low,0.08,auto_clear,none,,tidak ada sinyal dominan,T 0.01 · F 0.03 · S 0.04,NORMAL: dx K35.8 ditindaki 47.09 — pasangan klinis standar; biaya Rp6.250.000 ≈ tarif paket (rasio 0.92); LOS 4 hari dalam rentang median; obat dispensed sesuai dx; narasi rekam medis konsisten dengan penagihan; tidak ada kontradiksi.,0
KLM219,2026-03-23,RS_G,"D13 (dr. Mulyadi Santoso, Sp.B)",D13,P37 (Jefri Nainggolan),P37,15550000,4,rawat inap,"K80.2 - Kolelitiasis, tanpa kolesistitis",K80.2,51.23 - Kolesistektomi laparoskopik,51.23,M03 x 6 vial; M04 x 7 vial,"Puskesmas Tlogo Sehat, Semarang · RJ-2026-500 · 2026-03-22","Nyeri perut kanan atas berulang, terasa setelah makan berlemak.","Kolelitiasis; dilakukan kolesistektomi laparoskopik. Toleransi oral baik, pasien pulang dengan kontrol poliklinik.",Kebersihan kamar mandi kurang terjaga.,negatif,-0.34,0,low,0.09,auto_clear,none,,tidak ada sinyal dominan,T 0.04 · F 0.04 · S 0.01,NORMAL: dx K80.2 ditindaki 51.23 — pasangan klinis standar; biaya Rp15.550.000 ≈ tarif paket (rasio 1.07); LOS 4 hari dalam rentang median; obat dispensed sesuai dx; narasi rekam medis konsisten dengan penagihan; tidak ada kontradiksi.,0
KLM220,2026-03-24,RS_H,"D14 (dr. Nurul Aini, Sp.PD)",D14,P23 (Tono Sugiarto),P23,1050000,0,rawat jalan,N39.0 - Infeksi saluran kemih,N39.0,—,—,M03 x 3 vial; M08 x 10 tablet,kunjungan langsung (tanpa rujukan),Sakit saat berkemih dan sering ingin buang air kecil.,Infeksi saluran kemih; antibiotik dan anjuran minum banyak. Perbaikan gejala dalam 3 hari.,"Nyaman dirawat di sini, fasilitas lengkap.",positif,0.79,0,low,0.1,auto_clear,none,,tidak ada sinyal dominan,T 0.04 · F 0.03 · S 0.03,NORMAL: dx N39.0 ditangani konservatif tanpa prosedur (sesuai guideline); biaya rawat jalan Rp1.050.000 dalam rentang median; terapi obat sesuai standar; narasi rekam medis konsisten dengan penagihan; tidak ada kontradiksi narasi.,0
KLM221,2026-03-25,RS_I,"D18 (dr. Rizky Ramadhan, Sp.OT)",D18,P39 (Lukman Hakim),P39,7650000,4,rawat inap,"K40.9 - Hernia inguinalis, tanpa obstruksi",K40.9,53.1 - Reparasi hernia inguinalis,53.1,M03 x 4 vial; M08 x 10 tablet,"Puskesmas Musi Sehat, Palembang · RJ-2026-506 · 2026-03-24",Benjolan di lipatan paha yang membesar saat berdiri dan mengangkat beban.,Reparasi hernia inguinalis dengan mesh. Perawatan post-operatif tanpa komplikasi.,"Pelayanan cepat, dokter dan perawat sangat ramah.",positif,0.62,0,low,0.11,auto_clear,none,,tidak ada sinyal dominan,T 0.04 · F 0.04 · S 0.03,NORMAL: dx K40.9 ditindaki 53.1 — pasangan klinis standar; biaya Rp7.650.000 ≈ tarif paket (rasio 0.93); LOS 4 hari dalam rentang median; obat dispensed sesuai dx; narasi rekam medis konsisten dengan penagihan; tidak ada kontradiksi.,0
KLM222,2026-03-27,RS_G,"D13 (dr. Mulyadi Santoso, Sp.B)",D13,P35 (Hasan Basri),P35,14350000,3,rawat inap,"K80.2 - Kolelitiasis, tanpa kolesistitis",K80.2,51.23 - Kolesistektomi laparoskopik,51.23,M03 x 6 vial; M04 x 7 vial,"Puskesmas Tlogo Sehat, Semarang · RJ-2026-494 · 2026-03-26","Nyeri perut kanan atas berulang, terasa setelah makan berlemak.","Kolelitiasis; dilakukan kolesistektomi laparoskopik. Toleransi oral baik, pasien pulang dengan kontrol poliklinik.","Saya pulang dengan kondisi membaik, terima kasih atas perawatannya.",positif,0.64,0,low,0.08,auto_clear,none,,tidak ada sinyal dominan,T 0.03 · F 0.04 · S 0.01,NORMAL: dx K80.2 ditindaki 51.23 — pasangan klinis standar; biaya Rp14.350.000 ≈ tarif paket (rasio 0.99); LOS 3 hari dalam rentang median; obat dispensed sesuai dx; narasi rekam medis konsisten dengan penagihan; tidak ada kontradiksi.,0
KLM223,2026-04-03,RS_G,"D13 (dr. Mulyadi Santoso, Sp.B)",D13,P22 (Sri Wahyuni),P22,6150000,4,rawat inap,K35.8 - Apendisitis akut,K35.8,47.09 - Apendektomi,47.09,M03 x 6 vial; M08 x 12 tablet,"Puskesmas Tlogo Sehat, Semarang · RJ-2026-458 · 2026-04-02","Nyeri perut kanan bawah sejak 2 hari, disertai mual dan demam.","Apendisitis akut; dilakukan apendektomi. Toleransi oral baik, luka operasi bersih, pasien pulang stabil.","Cukup membantu, tapi proses administrasi bertele-tele.",netral,0.1,0,low,0.1,auto_clear,none,,tidak ada sinyal dominan,T 0.05 · F 0.02 · S 0.03,NORMAL: dx K35.8 ditindaki 47.09 — pasangan klinis standar; biaya Rp6.150.000 ≈ tarif paket (rasio 0.90); LOS 4 hari dalam rentang median; obat dispensed sesuai dx; narasi rekam medis konsisten dengan penagihan; tidak ada kontradiksi.,0
KLM224,2026-04-04,RS_G,"D13 (dr. Mulyadi Santoso, Sp.B)",D13,P37 (Jefri Nainggolan),P37,7100000,3,rawat inap,K35.8 - Apendisitis akut,K35.8,47.09 - Apendektomi,47.09,M03 x 6 vial; M08 x 12 tablet,"Puskesmas Tlogo Sehat, Semarang · RJ-2026-499 · 2026-04-03","Nyeri perut kanan bawah sejak 2 hari, disertai mual dan demam.","Apendisitis akut; dilakukan apendektomi. Toleransi oral baik, luka operasi bersih, pasien pulang stabil.","Saya pulang dengan kondisi membaik, terima kasih atas perawatannya.",positif,0.71,0,low,0.12,auto_clear,none,,tidak ada sinyal dominan,T 0.04 · F 0.05 · S 0.03,NORMAL: dx K35.8 ditindaki 47.09 — pasangan klinis standar; biaya Rp7.100.000 ≈ tarif paket (rasio 1.04); LOS 3 hari dalam rentang median; obat dispensed sesuai dx; narasi rekam medis konsisten dengan penagihan; tidak ada kontradiksi.,0
KLM225,2026-04-08,RS_A,"D02 (dr. Barli Soemarno, Sp.B)",D02,P18 (Tarmizi Karim),P18,7350000,2,rawat inap,K35.8 - Apendisitis akut,K35.8,47.09 - Apendektomi,47.09,M03 x 6 vial; M08 x 12 tablet,undefined · RJ-2026-444 · 2026-04-07,"Nyeri perut kanan bawah sejak 2 hari, disertai mual dan demam.","Apendisitis akut; dilakukan apendektomi. Toleransi oral baik, luka operasi bersih, pasien pulang stabil.",Antrean sangat lama dan tempat parkir sempit.,negatif,-0.42,0,low,0.09,auto_clear,none,,tidak ada sinyal dominan,T 0.04 · F 0.04 · S 0.01,NORMAL: dx K35.8 ditindaki 47.09 — pasangan klinis standar; biaya Rp7.350.000 ≈ tarif paket (rasio 1.08); LOS 2 hari dalam rentang median; obat dispensed sesuai dx; narasi rekam medis konsisten dengan penagihan; tidak ada kontradiksi.,0
KLM226,2026-04-12,RS_J,"D19 (dr. Sinta Bella, Sp.P)",D19,P28 (Anisa Fitriani),P28,4200000,4,rawat inap,"J18.9 - Pneumonia, organisme tidak spesifik",J18.9,—,—,M03 x 8 vial; M05 x 6 nebules,"Puskesmas Balik Sehat, Balikpapan · RJ-2026-473 · 2026-04-11","Demam dan batuk berdahak 4 hari, sesak napas saat beraktivitas.","Pneumonia komunitas; antibiotik intravena dan nebulizer. Perbaikan klinis bertahap, pulang setelah perbaikan radiologis.","Antrean poli sangat panjang, menunggu hampir dua jam.",negatif,-0.32,0,low,0.09,auto_clear,none,,tidak ada sinyal dominan,T 0.02 · F 0.04 · S 0.03,NORMAL: pneumonia (J18.9) diterapi medis tanpa prosedur invasif — konsisten; biaya Rp4.200.000 dalam rentang; LOS 4 hari = median dx; obat (antibiotik + nebulizer) sesuai; tanpa kontradiksi.,0
KLM227,2026-04-12,RS_G,"D16 (dr. Prasetyo Utomo, ",D16,P37 (Jefri Nainggolan),P37,1000000,0,rawat jalan,I10 - Hipertensi esensial,I10,—,—,M02 x 30 tablet,kunjungan langsung (tanpa rujukan),Kontrol rutin tekanan darah tinggi.,"Kontrol hipertensi; tekanan darah 138/84 mmHg. Terapi amlodipin dilanjutkan, edukasi garam diberikan.","Saya pulang dengan kondisi membaik, terima kasih atas perawatannya.",positif,0.81,0,low,0.07,auto_clear,none,,tidak ada sinyal dominan,T 0.02 · F 0.01 · S 0.04,NORMAL: dx I10 ditangani konservatif tanpa prosedur (sesuai guideline); biaya rawat jalan Rp1.000.000 dalam rentang median; terapi obat sesuai standar; narasi rekam medis konsisten dengan penagihan; tidak ada kontradiksi narasi.,0
KLM228,2026-04-12,RS_I,"D18 (dr. Rizky Ramadhan, Sp.OT)",D18,P39 (Lukman Hakim),P39,49300000,6,rawat inap,"S72.0 - Fraktur kolum femur, tertutup",S72.0,81.52 - Hemiarthroplasty panggul,81.52,M03 x 12 vial; M08 x 20 tablet,"Puskesmas Musi Sehat, Palembang · RJ-2026-504 · 2026-04-11","Terjatuh di kamar mandi, tidak dapat berdiri, nyeri hebat pada panggul.","Fraktur kolum femur; dilakukan hemiarthroplasty. Mobilisasi dengan fisioterapi, pulang dengan alat bantu jalan.","Pelayanan cepat, dokter dan perawat sangat ramah.",positif,0.79,0,low,0.07,auto_clear,none,,tidak ada sinyal dominan,T 0.03 · F 0.02 · S 0.02,NORMAL: dx S72.0 ditindaki 81.52 — pasangan klinis standar; biaya Rp49.300.000 ≈ tarif paket (rasio 1.06); LOS 6 hari dalam rentang median; obat dispensed sesuai dx; narasi rekam medis konsisten dengan penagihan; tidak ada kontradiksi.,0
KLM229,2026-04-13,RS_H,"D14 (dr. Nurul Aini, Sp.PD)",D14,P38 (Kirana Maheswari),P38,1050000,0,rawat jalan,I10 - Hipertensi esensial,I10,—,—,M02 x 30 tablet,kunjungan langsung (tanpa rujukan),Kontrol rutin tekanan darah tinggi.,"Kontrol hipertensi; tekanan darah 138/84 mmHg. Terapi amlodipin dilanjutkan, edukasi garam diberikan.",Proses administrasi mudah dan ruangan bersih.,positif,0.78,0,low,0.06,auto_clear,none,,tidak ada sinyal dominan,T 0.02 · F 0.02 · S 0.02,NORMAL: dx I10 ditangani konservatif tanpa prosedur (sesuai guideline); biaya rawat jalan Rp1.050.000 dalam rentang median; terapi obat sesuai standar; narasi rekam medis konsisten dengan penagihan; tidak ada kontradiksi narasi.,0
KLM230,2026-04-14,RS_H,"D14 (dr. Nurul Aini, Sp.PD)",D14,P34 (Gita Puspita),P34,1100000,0,rawat jalan,"E11.9 - Diabetes melitus tipe 2, tanpa komplikasi",E11.9,—,—,M01 x 60 tablet; M02 x 14 tablet,kunjungan langsung (tanpa rujukan),Kontrol rutin diabetes; sesekali sering haus dan kesemutan.,"Kontrol DM tipe 2; HbA1c 7,1 persen. Terapi metformin dilanjutkan, edukasi diet dan aktivitas fisik diberikan.","Nyaman dirawat di sini, fasilitas lengkap.",positif,0.8,0,low,0.05,auto_clear,none,,tidak ada sinyal dominan,T 0.01 · F 0.02 · S 0.02,NORMAL: dx E11.9 ditangani konservatif tanpa prosedur (sesuai guideline); biaya rawat jalan Rp1.100.000 dalam rentang median; terapi obat sesuai standar; narasi rekam medis konsisten dengan penagihan; tidak ada kontradiksi narasi.,0
KLM231,2026-04-16,RS_J,"D19 (dr. Sinta Bella, Sp.P)",D19,P36 (Ifa Hidayati),P36,1100000,0,rawat jalan,"J45.9 - Asma, tidak spesifik",J45.9,—,—,M05 x 6 nebules; M08 x 10 tablet,kunjungan langsung (tanpa rujukan),"Sesak napas berulang, batuk malam hari.",Asma stabil; diberikan nebulizer dan edukasi teknik inhaler. Kontrol berkala berikutnya.,"Pelayanan baik, penjelasan dokter jelas dan mudah dipahami.",positif,0.74,0,low,0.12,auto_clear,none,,tidak ada sinyal dominan,T 0.04 · F 0.05 · S 0.03,NORMAL: dx J45.9 ditangani konservatif tanpa prosedur (sesuai guideline); biaya rawat jalan Rp1.100.000 dalam rentang median; terapi obat sesuai standar; narasi rekam medis konsisten dengan penagihan; tidak ada kontradiksi narasi.,0
KLM232,2026-04-18,RS_G,"D16 (dr. Prasetyo Utomo, ",D16,P33 (Fauzi Rahman),P33,1250000,0,rawat jalan,"E11.9 - Diabetes melitus tipe 2, tanpa komplikasi",E11.9,—,—,M01 x 60 tablet; M02 x 14 tablet,kunjungan langsung (tanpa rujukan),Kontrol rutin diabetes; sesekali sering haus dan kesemutan.,"Kontrol DM tipe 2; HbA1c 7,1 persen. Terapi metformin dilanjutkan, edukasi diet dan aktivitas fisik diberikan.","Lumayan, walaupun antrean cukup panjang.",netral,0.1,0,low,0.11,auto_clear,none,,tidak ada sinyal dominan,T 0.02 · F 0.05 · S 0.04,NORMAL: dx E11.9 ditangani konservatif tanpa prosedur (sesuai guideline); biaya rawat jalan Rp1.250.000 dalam rentang median; terapi obat sesuai standar; narasi rekam medis konsisten dengan penagihan; tidak ada kontradiksi narasi.,0
KLM233,2026-04-23,RS_I,"D15 (dr. Oskar Lingga, Sp.PD)",D15,P25 (Wawan Setiawan),P25,1150000,0,rawat jalan,"E11.9 - Diabetes melitus tipe 2, tanpa komplikasi",E11.9,—,—,M01 x 60 tablet; M02 x 14 tablet,kunjungan langsung (tanpa rujukan),Kontrol rutin diabetes; sesekali sering haus dan kesemutan.,"Kontrol DM tipe 2; HbA1c 7,1 persen. Terapi metformin dilanjutkan, edukasi diet dan aktivitas fisik diberikan.","Saya pulang dengan kondisi membaik, terima kasih atas perawatannya.",positif,0.6,0,low,0.1,auto_clear,none,,tidak ada sinyal dominan,T 0.05 · F 0.03 · S 0.02,NORMAL: dx E11.9 ditangani konservatif tanpa prosedur (sesuai guideline); biaya rawat jalan Rp1.150.000 dalam rentang median; terapi obat sesuai standar; narasi rekam medis konsisten dengan penagihan; tidak ada kontradiksi narasi.,0
KLM234,2026-04-23,RS_J,"D19 (dr. Sinta Bella, Sp.P)",D19,P32 (Endang Sulastri),P32,1150000,0,rawat jalan,"J45.9 - Asma, tidak spesifik",J45.9,—,—,M05 x 6 nebules; M08 x 10 tablet,kunjungan langsung (tanpa rujukan),"Sesak napas berulang, batuk malam hari.",Asma stabil; diberikan nebulizer dan edukasi teknik inhaler. Kontrol berkala berikutnya.,Proses administrasi mudah dan ruangan bersih.,positif,0.64,0,low,0.06,auto_clear,none,,tidak ada sinyal dominan,T 0.01 · F 0.03 · S 0.02,NORMAL: dx J45.9 ditangani konservatif tanpa prosedur (sesuai guideline); biaya rawat jalan Rp1.150.000 dalam rentang median; terapi obat sesuai standar; narasi rekam medis konsisten dengan penagihan; tidak ada kontradiksi narasi.,0
KLM235,2026-04-26,RS_F,"D08 (dr. Hendra Maulana, Sp.B)",D08,P05 (Eka Putri),P05,8750000,2,rawat inap,"K40.9 - Hernia inguinalis, tanpa obstruksi",K40.9,53.1 - Reparasi hernia inguinalis,53.1,M03 x 4 vial; M08 x 10 tablet,undefined · RJ-2026-425 · 2026-04-25,Benjolan di lipatan paha yang membesar saat berdiri dan mengangkat beban.,Reparasi hernia inguinalis dengan mesh. Perawatan post-operatif tanpa komplikasi.,Proses administrasi mudah dan ruangan bersih.,positif,0.75,0,low,0.12,auto_clear,none,,tidak ada sinyal dominan,T 0.04 · F 0.05 · S 0.03,NORMAL: dx K40.9 ditindaki 53.1 — pasangan klinis standar; biaya Rp8.750.000 ≈ tarif paket (rasio 1.07); LOS 2 hari dalam rentang median; obat dispensed sesuai dx; narasi rekam medis konsisten dengan penagihan; tidak ada kontradiksi.,0
KLM236,2026-04-27,RS_H,"D14 (dr. Nurul Aini, Sp.PD)",D14,P24 (Umi Rahayu),P24,1100000,0,rawat jalan,"E11.9 - Diabetes melitus tipe 2, tanpa komplikasi",E11.9,—,—,M01 x 60 tablet; M02 x 14 tablet,kunjungan langsung (tanpa rujukan),Kontrol rutin diabetes; sesekali sering haus dan kesemutan.,"Kontrol DM tipe 2; HbA1c 7,1 persen. Terapi metformin dilanjutkan, edukasi diet dan aktivitas fisik diberikan.","Pelayanan baik, penjelasan dokter jelas dan mudah dipahami.",positif,0.72,0,low,0.07,auto_clear,none,,tidak ada sinyal dominan,T 0.02 · F 0.04 · S 0.01,NORMAL: dx E11.9 ditangani konservatif tanpa prosedur (sesuai guideline); biaya rawat jalan Rp1.100.000 dalam rentang median; terapi obat sesuai standar; narasi rekam medis konsisten dengan penagihan; tidak ada kontradiksi narasi.,0
KLM237,2026-04-27,RS_J,"D19 (dr. Sinta Bella, Sp.P)",D19,P32 (Endang Sulastri),P32,1050000,0,rawat jalan,"J45.9 - Asma, tidak spesifik",J45.9,—,—,M05 x 6 nebules; M08 x 10 tablet,kunjungan langsung (tanpa rujukan),"Sesak napas berulang, batuk malam hari.",Asma stabil; diberikan nebulizer dan edukasi teknik inhaler. Kontrol berkala berikutnya.,"Pelayanan baik, penjelasan dokter jelas dan mudah dipahami.",positif,0.85,0,low,0.1,auto_clear,none,,tidak ada sinyal dominan,T 0.03 · F 0.03 · S 0.04,NORMAL: dx J45.9 ditangani konservatif tanpa prosedur (sesuai guideline); biaya rawat jalan Rp1.050.000 dalam rentang median; terapi obat sesuai standar; narasi rekam medis konsisten dengan penagihan; tidak ada kontradiksi narasi.,0
KLM238,2026-04-28,RS_H,"D14 (dr. Nurul Aini, Sp.PD)",D14,P24 (Umi Rahayu),P24,1150000,0,rawat jalan,"E11.9 - Diabetes melitus tipe 2, tanpa komplikasi",E11.9,—,—,M01 x 60 tablet; M02 x 14 tablet,kunjungan langsung (tanpa rujukan),Kontrol rutin diabetes; sesekali sering haus dan kesemutan.,"Kontrol DM tipe 2; HbA1c 7,1 persen. Terapi metformin dilanjutkan, edukasi diet dan aktivitas fisik diberikan.",Kebersihan kamar mandi kurang terjaga.,negatif,-0.38,0,low,0.11,auto_clear,none,,tidak ada sinyal dominan,T 0.05 · F 0.04 · S 0.02,NORMAL: dx E11.9 ditangani konservatif tanpa prosedur (sesuai guideline); biaya rawat jalan Rp1.150.000 dalam rentang median; terapi obat sesuai standar; narasi rekam medis konsisten dengan penagihan; tidak ada kontradiksi narasi.,0
KLM239,2026-05-01,RS_J,"D19 (dr. Sinta Bella, Sp.P)",D19,P27 (Zainal Abidin),P27,1000000,0,rawat jalan,"J45.9 - Asma, tidak spesifik",J45.9,—,—,M05 x 6 nebules; M08 x 10 tablet,kunjungan langsung (tanpa rujukan),"Sesak napas berulang, batuk malam hari.",Asma stabil; diberikan nebulizer dan edukasi teknik inhaler. Kontrol berkala berikutnya.,Antrean sangat lama dan tempat parkir sempit.,negatif,-0.41,0,low,0.08,auto_clear,none,,tidak ada sinyal dominan,T 0.05 · F 0.01 · S 0.02,NORMAL: dx J45.9 ditangani konservatif tanpa prosedur (sesuai guideline); biaya rawat jalan Rp1.000.000 dalam rentang median; terapi obat sesuai standar; narasi rekam medis konsisten dengan penagihan; tidak ada kontradiksi narasi.,0
KLM240,2026-05-02,RS_J,"D19 (dr. Sinta Bella, Sp.P)",D19,P28 (Anisa Fitriani),P28,4350000,5,rawat inap,"J18.9 - Pneumonia, organisme tidak spesifik",J18.9,—,—,M03 x 8 vial; M05 x 6 nebules,"Puskesmas Balik Sehat, Balikpapan · RJ-2026-472 · 2026-05-01","Demam dan batuk berdahak 4 hari, sesak napas saat beraktivitas.","Pneumonia komunitas; antibiotik intravena dan nebulizer. Perbaikan klinis bertahap, pulang setelah perbaikan radiologis.","Saya pulang dengan kondisi membaik, terima kasih atas perawatannya.",positif,0.64,0,low,0.05,auto_clear,none,,tidak ada sinyal dominan,T 0.02 · F 0.01 · S 0.02,NORMAL: pneumonia (J18.9) diterapi medis tanpa prosedur invasif — konsisten; biaya Rp4.350.000 dalam rentang; LOS 5 hari = median dx; obat (antibiotik + nebulizer) sesuai; tanpa kontradiksi.,0
KLM241,2026-05-03,RS_E,"D09 (dr. Indah Pratiwi, Sp.PD)",D09,P16 (Ratna Dewi),P16,700000,0,rawat jalan,"K29.7 - Gastritis, tanpa perdarahan",K29.7,—,—,M04 x 7 vial; M08 x 10 tablet,kunjungan langsung (tanpa rujukan),"Nyeri ulu hati sejak 3 hari, terasa setelah makan dan minum kopi.",Gastritis tanpa perdarahan; diberikan terapi PPI. Pasien dianjurkan menghindari kopi dan makanan pedas.,"Antrean poli sangat panjang, menunggu hampir dua jam.",negatif,-0.32,0,low,0.08,auto_clear,none,,tidak ada sinyal dominan,T 0.04 · F 0.02 · S 0.02,NORMAL: dx K29.7 ditangani konservatif tanpa prosedur (sesuai guideline); biaya rawat jalan Rp700.000 dalam rentang median; terapi obat sesuai standar; narasi rekam medis konsisten dengan penagihan; tidak ada kontradiksi narasi.,0
KLM242,2026-05-04,RS_H,"D14 (dr. Nurul Aini, Sp.PD)",D14,P34 (Gita Puspita),P34,1100000,0,rawat jalan,"E11.9 - Diabetes melitus tipe 2, tanpa komplikasi",E11.9,—,—,M01 x 60 tablet; M02 x 14 tablet,kunjungan langsung (tanpa rujukan),Kontrol rutin diabetes; sesekali sering haus dan kesemutan.,"Kontrol DM tipe 2; HbA1c 7,1 persen. Terapi metformin dilanjutkan, edukasi diet dan aktivitas fisik diberikan.","Saya pulang dengan kondisi membaik, terima kasih atas perawatannya.",positif,0.76,0,low,0.06,auto_clear,none,,tidak ada sinyal dominan,T 0.02 · F 0.02 · S 0.02,NORMAL: dx E11.9 ditangani konservatif tanpa prosedur (sesuai guideline); biaya rawat jalan Rp1.100.000 dalam rentang median; terapi obat sesuai standar; narasi rekam medis konsisten dengan penagihan; tidak ada kontradiksi narasi.,0
KLM243,2026-05-05,RS_J,"D20 (dr. Teguh Wijaya, Sp.B)",D20,P32 (Endang Sulastri),P32,13250000,3,rawat inap,"K80.2 - Kolelitiasis, tanpa kolesistitis",K80.2,51.23 - Kolesistektomi laparoskopik,51.23,M03 x 6 vial; M04 x 7 vial,"Puskesmas Balik Sehat, Balikpapan · RJ-2026-482 · 2026-05-04","Nyeri perut kanan atas berulang, terasa setelah makan berlemak.","Kolelitiasis; dilakukan kolesistektomi laparoskopik. Toleransi oral baik, pasien pulang dengan kontrol poliklinik.","Antrean poli sangat panjang, menunggu hampir dua jam.",negatif,-0.4,0,low,0.11,auto_clear,none,,tidak ada sinyal dominan,T 0.02 · F 0.05 · S 0.04,NORMAL: dx K80.2 ditindaki 51.23 — pasangan klinis standar; biaya Rp13.250.000 ≈ tarif paket (rasio 0.91); LOS 3 hari dalam rentang median; obat dispensed sesuai dx; narasi rekam medis konsisten dengan penagihan; tidak ada kontradiksi.,0
KLM244,2026-05-05,RS_G,"D16 (dr. Prasetyo Utomo, ",D16,P35 (Hasan Basri),P35,52300000,6,rawat inap,"I21.9 - Infark miokard akut, tidak spesifik",I21.9,00.66 - Angioplasti koroner + stent (PCI),00.66,M10 x 14 tablet; M06 x 14 tablet,"Puskesmas Tlogo Sehat, Semarang · RJ-2026-493 · 2026-05-04","Nyeri dada menjalar ke lengan kiri selama 30 menit, keringat dingin.",Infark miokard; dilakukan PCI dengan 1 stent DES. Pasien pulang dengan terapi antiplatelet ganda.,Antrean sangat lama dan tempat parkir sempit.,negatif,-0.35,0,low,0.06,auto_clear,none,,tidak ada sinyal dominan,T 0.01 · F 0.03 · S 0.02,NORMAL: dx I21.9 ditindaki 00.66 — pasangan klinis standar; biaya Rp52.300.000 ≈ tarif paket (rasio 0.90); LOS 6 hari dalam rentang median; obat dispensed sesuai dx; narasi rekam medis konsisten dengan penagihan; tidak ada kontradiksi.,0
KLM245,2026-05-05,RS_J,"D19 (dr. Sinta Bella, Sp.P)",D19,P36 (Ifa Hidayati),P36,4100000,4,rawat inap,"J18.9 - Pneumonia, organisme tidak spesifik",J18.9,—,—,M03 x 8 vial; M05 x 6 nebules,"Puskesmas Balik Sehat, Balikpapan · RJ-2026-496 · 2026-05-04","Demam dan batuk berdahak 4 hari, sesak napas saat beraktivitas.","Pneumonia komunitas; antibiotik intravena dan nebulizer. Perbaikan klinis bertahap, pulang setelah perbaikan radiologis.",Antrean sangat lama dan tempat parkir sempit.,negatif,-0.32,0,low,0.06,auto_clear,none,,tidak ada sinyal dominan,T 0.03 · F 0.01 · S 0.02,NORMAL: pneumonia (J18.9) diterapi medis tanpa prosedur invasif — konsisten; biaya Rp4.100.000 dalam rentang; LOS 4 hari = median dx; obat (antibiotik + nebulizer) sesuai; tanpa kontradiksi.,0
KLM246,2026-05-05,RS_I,"D18 (dr. Rizky Ramadhan, Sp.OT)",D18,P39 (Lukman Hakim),P39,48850000,6,rawat inap,"S72.0 - Fraktur kolum femur, tertutup",S72.0,81.52 - Hemiarthroplasty panggul,81.52,M03 x 12 vial; M08 x 20 tablet,"Puskesmas Musi Sehat, Palembang · RJ-2026-505 · 2026-05-04","Terjatuh di kamar mandi, tidak dapat berdiri, nyeri hebat pada panggul.","Fraktur kolum femur; dilakukan hemiarthroplasty. Mobilisasi dengan fisioterapi, pulang dengan alat bantu jalan.","Pelayanan cepat, dokter dan perawat sangat ramah.",positif,0.7,0,low,0.07,auto_clear,none,,tidak ada sinyal dominan,T 0.03 · F 0.02 · S 0.02,NORMAL: dx S72.0 ditindaki 81.52 — pasangan klinis standar; biaya Rp48.850.000 ≈ tarif paket (rasio 1.05); LOS 6 hari dalam rentang median; obat dispensed sesuai dx; narasi rekam medis konsisten dengan penagihan; tidak ada kontradiksi.,0
KLM247,2026-05-06,RS_I,"D15 (dr. Oskar Lingga, Sp.PD)",D15,P25 (Wawan Setiawan),P25,1100000,0,rawat jalan,"E11.9 - Diabetes melitus tipe 2, tanpa komplikasi",E11.9,—,—,M01 x 60 tablet; M02 x 14 tablet,kunjungan langsung (tanpa rujukan),Kontrol rutin diabetes; sesekali sering haus dan kesemutan.,"Kontrol DM tipe 2; HbA1c 7,1 persen. Terapi metformin dilanjutkan, edukasi diet dan aktivitas fisik diberikan.","Cukup membantu, tapi proses administrasi bertele-tele.",netral,0.05,0,low,0.04,auto_clear,none,,tidak ada sinyal dominan,T 0.02 · F 0.01 · S 0.01,NORMAL: dx E11.9 ditangani konservatif tanpa prosedur (sesuai guideline); biaya rawat jalan Rp1.100.000 dalam rentang median; terapi obat sesuai standar; narasi rekam medis konsisten dengan penagihan; tidak ada kontradiksi narasi.,0
KLM248,2026-05-07,RS_J,"D20 (dr. Teguh Wijaya, Sp.B)",D20,P27 (Zainal Abidin),P27,6450000,3,rawat inap,K35.8 - Apendisitis akut,K35.8,47.09 - Apendektomi,47.09,M03 x 6 vial; M08 x 12 tablet,"Puskesmas Balik Sehat, Balikpapan · RJ-2026-464 · 2026-05-06","Nyeri perut kanan bawah sejak 2 hari, disertai mual dan demam.","Apendisitis akut; dilakukan apendektomi. Toleransi oral baik, luka operasi bersih, pasien pulang stabil.","Antrean poli sangat panjang, menunggu hampir dua jam.",negatif,-0.33,0,low,0.05,auto_clear,none,,tidak ada sinyal dominan,T 0.02 · F 0.02 · S 0.01,NORMAL: dx K35.8 ditindaki 47.09 — pasangan klinis standar; biaya Rp6.450.000 ≈ tarif paket (rasio 0.95); LOS 3 hari dalam rentang median; obat dispensed sesuai dx; narasi rekam medis konsisten dengan penagihan; tidak ada kontradiksi.,0
KLM249,2026-05-08,RS_G,"D16 (dr. Prasetyo Utomo, ",D16,P29 (Bambang Riyanto),P29,1000000,0,rawat jalan,I10 - Hipertensi esensial,I10,—,—,M02 x 30 tablet,kunjungan langsung (tanpa rujukan),Kontrol rutin tekanan darah tinggi.,"Kontrol hipertensi; tekanan darah 138/84 mmHg. Terapi amlodipin dilanjutkan, edukasi garam diberikan.",Antrean sangat lama dan tempat parkir sempit.,negatif,-0.42,0,low,0.1,auto_clear,none,,tidak ada sinyal dominan,T 0.04 · F 0.02 · S 0.04,NORMAL: dx I10 ditangani konservatif tanpa prosedur (sesuai guideline); biaya rawat jalan Rp1.000.000 dalam rentang median; terapi obat sesuai standar; narasi rekam medis konsisten dengan penagihan; tidak ada kontradiksi narasi.,0
KLM250,2026-05-09,RS_G,"D13 (dr. Mulyadi Santoso, Sp.B)",D13,P21 (Rahmat Fauzi),P21,6600000,4,rawat inap,K35.8 - Apendisitis akut,K35.8,47.09 - Apendektomi,47.09,M03 x 6 vial; M08 x 12 tablet,"Puskesmas Tlogo Sehat, Semarang · RJ-2026-448 · 2026-05-08","Nyeri perut kanan bawah sejak 2 hari, disertai mual dan demam.","Apendisitis akut; dilakukan apendektomi. Toleransi oral baik, luka operasi bersih, pasien pulang stabil.","Cukup membantu, tapi proses administrasi bertele-tele.",netral,0.05,0,low,0.09,auto_clear,none,,tidak ada sinyal dominan,T 0.03 · F 0.03 · S 0.03,NORMAL: dx K35.8 ditindaki 47.09 — pasangan klinis standar; biaya Rp6.600.000 ≈ tarif paket (rasio 0.97); LOS 4 hari dalam rentang median; obat dispensed sesuai dx; narasi rekam medis konsisten dengan penagihan; tidak ada kontradiksi.,0
KLM251,2026-05-11,RS_C,"D05 (dr. Endra Kusuma, Sp.OT)",D05,P09 (Idrus Hakim),P09,42500000,6,rawat inap,"S72.0 - Fraktur kolum femur, tertutup",S72.0,81.52 - Hemiarthroplasty panggul,81.52,M03 x 12 vial; M08 x 20 tablet,undefined · RJ-2026-432 · 2026-05-10,"Terjatuh di kamar mandi, tidak dapat berdiri, nyeri hebat pada panggul.","Fraktur kolum femur; dilakukan hemiarthroplasty. Mobilisasi dengan fisioterapi, pulang dengan alat bantu jalan.",Kebersihan kamar mandi kurang terjaga.,negatif,-0.33,0,low,0.09,auto_clear,none,,tidak ada sinyal dominan,T 0.03 · F 0.03 · S 0.03,NORMAL: dx S72.0 ditindaki 81.52 — pasangan klinis standar; biaya Rp42.500.000 ≈ tarif paket (rasio 0.91); LOS 6 hari dalam rentang median; obat dispensed sesuai dx; narasi rekam medis konsisten dengan penagihan; tidak ada kontradiksi.,0
KLM252,2026-05-13,RS_G,"D13 (dr. Mulyadi Santoso, Sp.B)",D13,P22 (Sri Wahyuni),P22,6150000,2,rawat inap,K35.8 - Apendisitis akut,K35.8,47.09 - Apendektomi,47.09,M03 x 6 vial; M08 x 12 tablet,"Puskesmas Tlogo Sehat, Semarang · RJ-2026-457 · 2026-05-12","Nyeri perut kanan bawah sejak 2 hari, disertai mual dan demam.","Apendisitis akut; dilakukan apendektomi. Toleransi oral baik, luka operasi bersih, pasien pulang stabil.","Pelayanan cepat, dokter dan perawat sangat ramah.",positif,0.73,0,low,0.11,auto_clear,none,,tidak ada sinyal dominan,T 0.03 · F 0.05 · S 0.03,NORMAL: dx K35.8 ditindaki 47.09 — pasangan klinis standar; biaya Rp6.150.000 ≈ tarif paket (rasio 0.90); LOS 2 hari dalam rentang median; obat dispensed sesuai dx; narasi rekam medis konsisten dengan penagihan; tidak ada kontradiksi.,0
KLM253,2026-05-13,RS_H,"D14 (dr. Nurul Aini, Sp.PD)",D14,P23 (Tono Sugiarto),P23,1050000,0,rawat jalan,N39.0 - Infeksi saluran kemih,N39.0,—,—,M03 x 3 vial; M08 x 10 tablet,kunjungan langsung (tanpa rujukan),Sakit saat berkemih dan sering ingin buang air kecil.,Infeksi saluran kemih; antibiotik dan anjuran minum banyak. Perbaikan gejala dalam 3 hari.,"Nyaman dirawat di sini, fasilitas lengkap.",positif,0.8,0,low,0.07,auto_clear,none,,tidak ada sinyal dominan,T 0.03 · F 0.02 · S 0.02,NORMAL: dx N39.0 ditangani konservatif tanpa prosedur (sesuai guideline); biaya rawat jalan Rp1.050.000 dalam rentang median; terapi obat sesuai standar; narasi rekam medis konsisten dengan penagihan; tidak ada kontradiksi narasi.,0
KLM254,2026-05-13,RS_I,"D15 (dr. Oskar Lingga, Sp.PD)",D15,P31 (Dedi Kurniawan),P31,950000,0,rawat jalan,I10 - Hipertensi esensial,I10,—,—,M02 x 30 tablet,kunjungan langsung (tanpa rujukan),Kontrol rutin tekanan darah tinggi.,"Kontrol hipertensi; tekanan darah 138/84 mmHg. Terapi amlodipin dilanjutkan, edukasi garam diberikan.","Pelayanan cepat, dokter dan perawat sangat ramah.",positif,0.61,0,low,0.06,auto_clear,none,,tidak ada sinyal dominan,T 0.01 · F 0.03 · S 0.02,NORMAL: dx I10 ditangani konservatif tanpa prosedur (sesuai guideline); biaya rawat jalan Rp950.000 dalam rentang median; terapi obat sesuai standar; narasi rekam medis konsisten dengan penagihan; tidak ada kontradiksi narasi.,0
KLM255,2026-05-14,RS_A,"D02 (dr. Barli Soemarno, Sp.B)",D02,P04 (Dewi Anggraeni),P04,6850000,4,rawat inap,K35.8 - Apendisitis akut,K35.8,47.09 - Apendektomi,47.09,M03 x 6 vial; M08 x 12 tablet,undefined · RJ-2026-424 · 2026-05-13,"Nyeri perut kanan bawah sejak 2 hari, disertai mual dan demam.","Apendisitis akut; dilakukan apendektomi. Toleransi oral baik, luka operasi bersih, pasien pulang stabil.","Nyaman dirawat di sini, fasilitas lengkap.",positif,0.84,0,low,0.12,auto_clear,none,,tidak ada sinyal dominan,T 0.05 · F 0.03 · S 0.04,NORMAL: dx K35.8 ditindaki 47.09 — pasangan klinis standar; biaya Rp6.850.000 ≈ tarif paket (rasio 1.01); LOS 4 hari dalam rentang median; obat dispensed sesuai dx; narasi rekam medis konsisten dengan penagihan; tidak ada kontradiksi.,0
KLM256,2026-05-14,RS_F,"D08 (dr. Hendra Maulana, Sp.B)",D08,P20 (Wahyu Nugraha),P20,7450000,3,rawat inap,"K40.9 - Hernia inguinalis, tanpa obstruksi",K40.9,53.1 - Reparasi hernia inguinalis,53.1,M03 x 4 vial; M08 x 10 tablet,undefined · RJ-2026-447 · 2026-05-13,Benjolan di lipatan paha yang membesar saat berdiri dan mengangkat beban.,Reparasi hernia inguinalis dengan mesh. Perawatan post-operatif tanpa komplikasi.,Antrean sangat lama dan tempat parkir sempit.,negatif,-0.44,0,low,0.1,auto_clear,none,,tidak ada sinyal dominan,T 0.02 · F 0.04 · S 0.04,NORMAL: dx K40.9 ditindaki 53.1 — pasangan klinis standar; biaya Rp7.450.000 ≈ tarif paket (rasio 0.91); LOS 3 hari dalam rentang median; obat dispensed sesuai dx; narasi rekam medis konsisten dengan penagihan; tidak ada kontradiksi.,0
KLM257,2026-05-15,RS_I,"D15 (dr. Oskar Lingga, Sp.PD)",D15,P31 (Dedi Kurniawan),P31,1200000,0,rawat jalan,"E11.9 - Diabetes melitus tipe 2, tanpa komplikasi",E11.9,—,—,M01 x 60 tablet; M02 x 14 tablet,kunjungan langsung (tanpa rujukan),Kontrol rutin diabetes; sesekali sering haus dan kesemutan.,"Kontrol DM tipe 2; HbA1c 7,1 persen. Terapi metformin dilanjutkan, edukasi diet dan aktivitas fisik diberikan.","Pelayanan baik, penjelasan dokter jelas dan mudah dipahami.",positif,0.83,0,low,0.08,auto_clear,none,,tidak ada sinyal dominan,T 0.01 · F 0.03 · S 0.04,NORMAL: dx E11.9 ditangani konservatif tanpa prosedur (sesuai guideline); biaya rawat jalan Rp1.200.000 dalam rentang median; terapi obat sesuai standar; narasi rekam medis konsisten dengan penagihan; tidak ada kontradiksi narasi.,0
KLM258,2026-05-17,RS_G,"D13 (dr. Mulyadi Santoso, Sp.B)",D13,P35 (Hasan Basri),P35,15500000,5,rawat inap,"K80.2 - Kolelitiasis, tanpa kolesistitis",K80.2,51.23 - Kolesistektomi laparoskopik,51.23,M03 x 6 vial; M04 x 7 vial,"Puskesmas Tlogo Sehat, Semarang · RJ-2026-490 · 2026-05-16","Nyeri perut kanan atas berulang, terasa setelah makan berlemak.","Kolelitiasis; dilakukan kolesistektomi laparoskopik. Toleransi oral baik, pasien pulang dengan kontrol poliklinik.","Pelayanan cepat, dokter dan perawat sangat ramah.",positif,0.69,0,low,0.11,auto_clear,none,,tidak ada sinyal dominan,T 0.05 · F 0.04 · S 0.02,NORMAL: dx K80.2 ditindaki 51.23 — pasangan klinis standar; biaya Rp15.500.000 ≈ tarif paket (rasio 1.07); LOS 5 hari dalam rentang median; obat dispensed sesuai dx; narasi rekam medis konsisten dengan penagihan; tidak ada kontradiksi.,0
KLM259,2026-05-17,RS_H,"D17 (dr. Qori Rahmawati, Sp.A)",D17,P38 (Kirana Maheswari),P38,1050000,0,rawat jalan,"J45.9 - Asma, tidak spesifik",J45.9,—,—,M05 x 6 nebules; M08 x 10 tablet,kunjungan langsung (tanpa rujukan),"Sesak napas berulang, batuk malam hari.",Asma stabil; diberikan nebulizer dan edukasi teknik inhaler. Kontrol berkala berikutnya.,"Antrean poli sangat panjang, menunggu hampir dua jam.",negatif,-0.38,0,low,0.1,auto_clear,none,,tidak ada sinyal dominan,T 0.04 · F 0.02 · S 0.04,NORMAL: dx J45.9 ditangani konservatif tanpa prosedur (sesuai guideline); biaya rawat jalan Rp1.050.000 dalam rentang median; terapi obat sesuai standar; narasi rekam medis konsisten dengan penagihan; tidak ada kontradiksi narasi.,0
KLM260,2026-05-18,RS_H,"D14 (dr. Nurul Aini, Sp.PD)",D14,P23 (Tono Sugiarto),P23,1000000,0,rawat jalan,N39.0 - Infeksi saluran kemih,N39.0,—,—,M03 x 3 vial; M08 x 10 tablet,kunjungan langsung (tanpa rujukan),Sakit saat berkemih dan sering ingin buang air kecil.,Infeksi saluran kemih; antibiotik dan anjuran minum banyak. Perbaikan gejala dalam 3 hari.,Antrean sangat lama dan tempat parkir sempit.,negatif,-0.32,0,low,0.07,auto_clear,none,,tidak ada sinyal dominan,T 0.03 · F 0.03 · S 0.01,NORMAL: dx N39.0 ditangani konservatif tanpa prosedur (sesuai guideline); biaya rawat jalan Rp1.000.000 dalam rentang median; terapi obat sesuai standar; narasi rekam medis konsisten dengan penagihan; tidak ada kontradiksi narasi.,0
KLM261,2026-05-18,RS_H,"D14 (dr. Nurul Aini, Sp.PD)",D14,P23 (Tono Sugiarto),P23,1050000,0,rawat jalan,N39.0 - Infeksi saluran kemih,N39.0,—,—,M03 x 3 vial; M08 x 10 tablet,kunjungan langsung (tanpa rujukan),Sakit saat berkemih dan sering ingin buang air kecil.,Infeksi saluran kemih; antibiotik dan anjuran minum banyak. Perbaikan gejala dalam 3 hari.,"Pelayanan cepat, dokter dan perawat sangat ramah.",positif,0.8,0,low,0.08,auto_clear,none,,tidak ada sinyal dominan,T 0.05 · F 0.02 · S 0.01,NORMAL: dx N39.0 ditangani konservatif tanpa prosedur (sesuai guideline); biaya rawat jalan Rp1.050.000 dalam rentang median; terapi obat sesuai standar; narasi rekam medis konsisten dengan penagihan; tidak ada kontradiksi narasi.,0
KLM262,2026-05-19,RS_A,"D01 (dr. Adnan Prakoso, Sp.BTKV)",D01,P18 (Tarmizi Karim),P18,58000000,5,rawat inap,"I21.9 - Infark miokard akut, tidak spesifik",I21.9,00.66 - Angioplasti koroner + stent (PCI),00.66,M10 x 14 tablet; M06 x 14 tablet,undefined · RJ-2026-443 · 2026-05-18,"Nyeri dada menjalar ke lengan kiri selama 30 menit, keringat dingin.",Infark miokard; dilakukan PCI dengan 1 stent DES. Pasien pulang dengan terapi antiplatelet ganda.,"Cukup membantu, tapi proses administrasi bertele-tele.",netral,0.08,0,low,0.06,auto_clear,none,,tidak ada sinyal dominan,T 0.03 · F 0.01 · S 0.02,NORMAL: dx I21.9 ditindaki 00.66 — pasangan klinis standar; biaya Rp58.000.000 ≈ tarif paket (rasio 1.00); LOS 5 hari dalam rentang median; obat dispensed sesuai dx; narasi rekam medis konsisten dengan penagihan; tidak ada kontradiksi.,0
KLM263,2026-05-21,RS_J,"D19 (dr. Sinta Bella, Sp.P)",D19,P28 (Anisa Fitriani),P28,1000000,0,rawat jalan,"J45.9 - Asma, tidak spesifik",J45.9,—,—,M05 x 6 nebules; M08 x 10 tablet,kunjungan langsung (tanpa rujukan),"Sesak napas berulang, batuk malam hari.",Asma stabil; diberikan nebulizer dan edukasi teknik inhaler. Kontrol berkala berikutnya.,"Pelayanan cepat, dokter dan perawat sangat ramah.",positif,0.85,0,low,0.05,auto_clear,none,,tidak ada sinyal dominan,T 0.02 · F 0.01 · S 0.02,NORMAL: dx J45.9 ditangani konservatif tanpa prosedur (sesuai guideline); biaya rawat jalan Rp1.000.000 dalam rentang median; terapi obat sesuai standar; narasi rekam medis konsisten dengan penagihan; tidak ada kontradiksi narasi.,0
KLM264,2026-05-21,RS_G,"D13 (dr. Mulyadi Santoso, Sp.B)",D13,P29 (Bambang Riyanto),P29,7650000,2,rawat inap,"K40.9 - Hernia inguinalis, tanpa obstruksi",K40.9,53.1 - Reparasi hernia inguinalis,53.1,M03 x 4 vial; M08 x 10 tablet,"Puskesmas Tlogo Sehat, Semarang · RJ-2026-474 · 2026-05-20",Benjolan di lipatan paha yang membesar saat berdiri dan mengangkat beban.,Reparasi hernia inguinalis dengan mesh. Perawatan post-operatif tanpa komplikasi.,Kebersihan kamar mandi kurang terjaga.,negatif,-0.36,0,low,0.05,auto_clear,none,,tidak ada sinyal dominan,T 0.03 · F 0.01 · S 0.01,NORMAL: dx K40.9 ditindaki 53.1 — pasangan klinis standar; biaya Rp7.650.000 ≈ tarif paket (rasio 0.93); LOS 2 hari dalam rentang median; obat dispensed sesuai dx; narasi rekam medis konsisten dengan penagihan; tidak ada kontradiksi.,0
KLM265,2026-05-21,RS_J,"D19 (dr. Sinta Bella, Sp.P)",D19,P40 (Maya Anggraini),P40,4600000,5,rawat inap,"J18.9 - Pneumonia, organisme tidak spesifik",J18.9,—,—,M03 x 8 vial; M05 x 6 nebules,"Puskesmas Balik Sehat, Balikpapan · RJ-2026-508 · 2026-05-20","Demam dan batuk berdahak 4 hari, sesak napas saat beraktivitas.","Pneumonia komunitas; antibiotik intravena dan nebulizer. Perbaikan klinis bertahap, pulang setelah perbaikan radiologis.","Saya pulang dengan kondisi membaik, terima kasih atas perawatannya.",positif,0.8,0,low,0.08,auto_clear,none,,tidak ada sinyal dominan,T 0.04 · F 0.02 · S 0.02,NORMAL: pneumonia (J18.9) diterapi medis tanpa prosedur invasif — konsisten; biaya Rp4.600.000 dalam rentang; LOS 5 hari = median dx; obat (antibiotik + nebulizer) sesuai; tanpa kontradiksi.,0
KLM266,2026-05-21,RS_J,"D19 (dr. Sinta Bella, Sp.P)",D19,P40 (Maya Anggraini),P40,1000000,0,rawat jalan,"J45.9 - Asma, tidak spesifik",J45.9,—,—,M05 x 6 nebules; M08 x 10 tablet,kunjungan langsung (tanpa rujukan),"Sesak napas berulang, batuk malam hari.",Asma stabil; diberikan nebulizer dan edukasi teknik inhaler. Kontrol berkala berikutnya.,Proses administrasi mudah dan ruangan bersih.,positif,0.75,0,low,0.1,auto_clear,none,,tidak ada sinyal dominan,T 0.04 · F 0.05 · S 0.01,NORMAL: dx J45.9 ditangani konservatif tanpa prosedur (sesuai guideline); biaya rawat jalan Rp1.000.000 dalam rentang median; terapi obat sesuai standar; narasi rekam medis konsisten dengan penagihan; tidak ada kontradiksi narasi.,0
KLM267,2026-05-22,RS_J,"D20 (dr. Teguh Wijaya, Sp.B)",D20,P32 (Endang Sulastri),P32,6550000,3,rawat inap,K35.8 - Apendisitis akut,K35.8,47.09 - Apendektomi,47.09,M03 x 6 vial; M08 x 12 tablet,"Puskesmas Balik Sehat, Balikpapan · RJ-2026-483 · 2026-05-21","Nyeri perut kanan bawah sejak 2 hari, disertai mual dan demam.","Apendisitis akut; dilakukan apendektomi. Toleransi oral baik, luka operasi bersih, pasien pulang stabil.","Nyaman dirawat di sini, fasilitas lengkap.",positif,0.67,0,low,0.09,auto_clear,none,,tidak ada sinyal dominan,T 0.04 · F 0.03 · S 0.02,NORMAL: dx K35.8 ditindaki 47.09 — pasangan klinis standar; biaya Rp6.550.000 ≈ tarif paket (rasio 0.96); LOS 3 hari dalam rentang median; obat dispensed sesuai dx; narasi rekam medis konsisten dengan penagihan; tidak ada kontradiksi.,0
KLM268,2026-05-23,RS_C,"D05 (dr. Endra Kusuma, Sp.OT)",D05,P10 (Kartini Ibrahim),P10,8100000,4,rawat inap,"K40.9 - Hernia inguinalis, tanpa obstruksi",K40.9,53.1 - Reparasi hernia inguinalis,53.1,M03 x 4 vial; M08 x 10 tablet,undefined · RJ-2026-434 · 2026-05-22,Benjolan di lipatan paha yang membesar saat berdiri dan mengangkat beban.,Reparasi hernia inguinalis dengan mesh. Perawatan post-operatif tanpa komplikasi.,"Pelayanan cepat, dokter dan perawat sangat ramah.",positif,0.6,0,low,0.06,auto_clear,none,,tidak ada sinyal dominan,T 0.02 · F 0.01 · S 0.03,NORMAL: dx K40.9 ditindaki 53.1 — pasangan klinis standar; biaya Rp8.100.000 ≈ tarif paket (rasio 0.99); LOS 4 hari dalam rentang median; obat dispensed sesuai dx; narasi rekam medis konsisten dengan penagihan; tidak ada kontradiksi.,0
KLM269,2026-05-23,RS_B,"D06 (dr. Fitri Handayani, Sp.A)",D06,P13 (Nadia Rahmawati),P13,1150000,0,rawat jalan,N39.0 - Infeksi saluran kemih,N39.0,—,—,M03 x 3 vial; M08 x 10 tablet,kunjungan langsung (tanpa rujukan),Sakit saat berkemih dan sering ingin buang air kecil.,Infeksi saluran kemih; antibiotik dan anjuran minum banyak. Perbaikan gejala dalam 3 hari.,"Saya pulang dengan kondisi membaik, terima kasih atas perawatannya.",positif,0.84,0,low,0.06,auto_clear,none,,tidak ada sinyal dominan,T 0.01 · F 0.02 · S 0.03,NORMAL: dx N39.0 ditangani konservatif tanpa prosedur (sesuai guideline); biaya rawat jalan Rp1.150.000 dalam rentang median; terapi obat sesuai standar; narasi rekam medis konsisten dengan penagihan; tidak ada kontradiksi narasi.,0
KLM270,2026-05-23,RS_J,"D20 (dr. Teguh Wijaya, Sp.B)",D20,P27 (Zainal Abidin),P27,15800000,4,rawat inap,"K80.2 - Kolelitiasis, tanpa kolesistitis",K80.2,51.23 - Kolesistektomi laparoskopik,51.23,M03 x 6 vial; M04 x 7 vial,"Puskesmas Balik Sehat, Balikpapan · RJ-2026-468 · 2026-05-22","Nyeri perut kanan atas berulang, terasa setelah makan berlemak.","Kolelitiasis; dilakukan kolesistektomi laparoskopik. Toleransi oral baik, pasien pulang dengan kontrol poliklinik.","Lumayan, walaupun antrean cukup panjang.",netral,0.12,0,low,0.1,auto_clear,none,,tidak ada sinyal dominan,T 0.03 · F 0.03 · S 0.04,NORMAL: dx K80.2 ditindaki 51.23 — pasangan klinis standar; biaya Rp15.800.000 ≈ tarif paket (rasio 1.09); LOS 4 hari dalam rentang median; obat dispensed sesuai dx; narasi rekam medis konsisten dengan penagihan; tidak ada kontradiksi.,0
KLM271,2026-05-24,RS_J,"D20 (dr. Teguh Wijaya, Sp.B)",D20,P40 (Maya Anggraini),P40,6850000,2,rawat inap,K35.8 - Apendisitis akut,K35.8,47.09 - Apendektomi,47.09,M03 x 6 vial; M08 x 12 tablet,"Puskesmas Balik Sehat, Balikpapan · RJ-2026-511 · 2026-05-23","Nyeri perut kanan bawah sejak 2 hari, disertai mual dan demam.","Apendisitis akut; dilakukan apendektomi. Toleransi oral baik, luka operasi bersih, pasien pulang stabil.",Proses administrasi mudah dan ruangan bersih.,positif,0.62,0,low,0.09,auto_clear,none,,tidak ada sinyal dominan,T 0.02 · F 0.03 · S 0.04,NORMAL: dx K35.8 ditindaki 47.09 — pasangan klinis standar; biaya Rp6.850.000 ≈ tarif paket (rasio 1.01); LOS 2 hari dalam rentang median; obat dispensed sesuai dx; narasi rekam medis konsisten dengan penagihan; tidak ada kontradiksi.,0
KLM272,2026-05-25,RS_H,"D14 (dr. Nurul Aini, Sp.PD)",D14,P34 (Gita Puspita),P34,950000,0,rawat jalan,I10 - Hipertensi esensial,I10,—,—,M02 x 30 tablet,kunjungan langsung (tanpa rujukan),Kontrol rutin tekanan darah tinggi.,"Kontrol hipertensi; tekanan darah 138/84 mmHg. Terapi amlodipin dilanjutkan, edukasi garam diberikan.","Pelayanan standar, tidak ada keluhan berarti.",netral,0.12,0,low,0.06,auto_clear,none,,tidak ada sinyal dominan,T 0.02 · F 0.01 · S 0.03,NORMAL: dx I10 ditangani konservatif tanpa prosedur (sesuai guideline); biaya rawat jalan Rp950.000 dalam rentang median; terapi obat sesuai standar; narasi rekam medis konsisten dengan penagihan; tidak ada kontradiksi narasi.,0
KLM273,2026-05-25,RS_G,"D16 (dr. Prasetyo Utomo, ",D16,P35 (Hasan Basri),P35,1000000,0,rawat jalan,I10 - Hipertensi esensial,I10,—,—,M02 x 30 tablet,kunjungan langsung (tanpa rujukan),Kontrol rutin tekanan darah tinggi.,"Kontrol hipertensi; tekanan darah 138/84 mmHg. Terapi amlodipin dilanjutkan, edukasi garam diberikan.","Lumayan, walaupun antrean cukup panjang.",netral,0.09,0,low,0.11,auto_clear,none,,tidak ada sinyal dominan,T 0.05 · F 0.03 · S 0.03,NORMAL: dx I10 ditangani konservatif tanpa prosedur (sesuai guideline); biaya rawat jalan Rp1.000.000 dalam rentang median; terapi obat sesuai standar; narasi rekam medis konsisten dengan penagihan; tidak ada kontradiksi narasi.,0
KLM274,2026-06-01,RS_D,"D04 (dr. Danur Wibisono, ",D04,P11 (Lukman Sutrisno),P11,950000,0,rawat jalan,I10 - Hipertensi esensial,I10,—,—,M02 x 30 tablet,kunjungan langsung (tanpa rujukan),Kontrol rutin tekanan darah tinggi.,"Kontrol hipertensi; tekanan darah 138/84 mmHg. Terapi amlodipin dilanjutkan, edukasi garam diberikan.","Pelayanan cepat, dokter dan perawat sangat ramah.",positif,0.66,0,low,0.09,auto_clear,none,,tidak ada sinyal dominan,T 0.04 · F 0.02 · S 0.03,NORMAL: dx I10 ditangani konservatif tanpa prosedur (sesuai guideline); biaya rawat jalan Rp950.000 dalam rentang median; terapi obat sesuai standar; narasi rekam medis konsisten dengan penagihan; tidak ada kontradiksi narasi.,0
KLM275,2026-06-01,RS_F,"D08 (dr. Hendra Maulana, Sp.B)",D08,P20 (Wahyu Nugraha),P20,800000,0,rawat jalan,"K29.7 - Gastritis, tanpa perdarahan",K29.7,—,—,M04 x 7 vial; M08 x 10 tablet,kunjungan langsung (tanpa rujukan),"Nyeri ulu hati sejak 3 hari, terasa setelah makan dan minum kopi.",Gastritis tanpa perdarahan; diberikan terapi PPI. Pasien dianjurkan menghindari kopi dan makanan pedas.,"Pelayanan baik, penjelasan dokter jelas dan mudah dipahami.",positif,0.78,0,low,0.08,auto_clear,none,,tidak ada sinyal dominan,T 0.03 · F 0.02 · S 0.03,NORMAL: dx K29.7 ditangani konservatif tanpa prosedur (sesuai guideline); biaya rawat jalan Rp800.000 dalam rentang median; terapi obat sesuai standar; narasi rekam medis konsisten dengan penagihan; tidak ada kontradiksi narasi.,0
KLM276,2026-06-02,RS_C,"D05 (dr. Endra Kusuma, Sp.OT)",D05,P08 (Maryam Yusuf),P08,43950000,6,rawat inap,"S72.0 - Fraktur kolum femur, tertutup",S72.0,81.52 - Hemiarthroplasty panggul,81.52,M03 x 12 vial; M08 x 20 tablet,undefined · RJ-2026-430 · 2026-06-01,"Terjatuh di kamar mandi, tidak dapat berdiri, nyeri hebat pada panggul.","Fraktur kolum femur; dilakukan hemiarthroplasty. Mobilisasi dengan fisioterapi, pulang dengan alat bantu jalan.","Pelayanan cepat, dokter dan perawat sangat ramah.",positif,0.72,0,low,0.1,auto_clear,none,,tidak ada sinyal dominan,T 0.04 · F 0.03 · S 0.03,NORMAL: dx S72.0 ditindaki 81.52 — pasangan klinis standar; biaya Rp43.950.000 ≈ tarif paket (rasio 0.95); LOS 6 hari dalam rentang median; obat dispensed sesuai dx; narasi rekam medis konsisten dengan penagihan; tidak ada kontradiksi.,0
KLM277,2026-06-02,RS_H,"D14 (dr. Nurul Aini, Sp.PD)",D14,P30 (Citra Ayu Lestari),P30,750000,0,rawat jalan,"K29.7 - Gastritis, tanpa perdarahan",K29.7,—,—,M04 x 7 vial; M08 x 10 tablet,kunjungan langsung (tanpa rujukan),"Nyeri ulu hati sejak 3 hari, terasa setelah makan dan minum kopi.",Gastritis tanpa perdarahan; diberikan terapi PPI. Pasien dianjurkan menghindari kopi dan makanan pedas.,"Saya pulang dengan kondisi membaik, terima kasih atas perawatannya.",positif,0.78,0,low,0.11,auto_clear,none,,tidak ada sinyal dominan,T 0.05 · F 0.04 · S 0.02,NORMAL: dx K29.7 ditangani konservatif tanpa prosedur (sesuai guideline); biaya rawat jalan Rp750.000 dalam rentang median; terapi obat sesuai standar; narasi rekam medis konsisten dengan penagihan; tidak ada kontradiksi narasi.,0
KLM278,2026-06-04,RS_B,"D07 (dr. Gunawan Halim, Sp.B)",D07,P12 (Maya Sari),P12,7500000,3,rawat inap,"K40.9 - Hernia inguinalis, tanpa obstruksi",K40.9,53.1 - Reparasi hernia inguinalis,53.1,M03 x 4 vial; M08 x 10 tablet,undefined · RJ-2026-436 · 2026-06-03,Benjolan di lipatan paha yang membesar saat berdiri dan mengangkat beban.,Reparasi hernia inguinalis dengan mesh. Perawatan post-operatif tanpa komplikasi.,"Cukup membantu, tapi proses administrasi bertele-tele.",netral,0.14,0,low,0.09,auto_clear,none,,tidak ada sinyal dominan,T 0.04 · F 0.03 · S 0.02,NORMAL: dx K40.9 ditindaki 53.1 — pasangan klinis standar; biaya Rp7.500.000 ≈ tarif paket (rasio 0.91); LOS 3 hari dalam rentang median; obat dispensed sesuai dx; narasi rekam medis konsisten dengan penagihan; tidak ada kontradiksi.,0
KLM279,2026-06-05,RS_H,"D14 (dr. Nurul Aini, Sp.PD)",D14,P38 (Kirana Maheswari),P38,4300000,5,rawat inap,"J18.9 - Pneumonia, organisme tidak spesifik",J18.9,—,—,M03 x 8 vial; M05 x 6 nebules,"Puskesmas Sanur Sehat, Denpasar · RJ-2026-502 · 2026-06-04","Demam dan batuk berdahak 4 hari, sesak napas saat beraktivitas.","Pneumonia komunitas; antibiotik intravena dan nebulizer. Perbaikan klinis bertahap, pulang setelah perbaikan radiologis.","Pelayanan cepat, dokter dan perawat sangat ramah.",positif,0.68,0,low,0.08,auto_clear,none,,tidak ada sinyal dominan,T 0.02 · F 0.02 · S 0.04,NORMAL: pneumonia (J18.9) diterapi medis tanpa prosedur invasif — konsisten; biaya Rp4.300.000 dalam rentang; LOS 5 hari = median dx; obat (antibiotik + nebulizer) sesuai; tanpa kontradiksi.,0
KLM280,2026-06-06,RS_J,"D19 (dr. Sinta Bella, Sp.P)",D19,P28 (Anisa Fitriani),P28,4100000,5,rawat inap,"J18.9 - Pneumonia, organisme tidak spesifik",J18.9,—,—,M03 x 8 vial; M05 x 6 nebules,"Puskesmas Balik Sehat, Balikpapan · RJ-2026-471 · 2026-06-05","Demam dan batuk berdahak 4 hari, sesak napas saat beraktivitas.","Pneumonia komunitas; antibiotik intravena dan nebulizer. Perbaikan klinis bertahap, pulang setelah perbaikan radiologis.","Lumayan, walaupun antrean cukup panjang.",netral,0.12,0,low,0.06,auto_clear,none,,tidak ada sinyal dominan,T 0.01 · F 0.02 · S 0.03,NORMAL: pneumonia (J18.9) diterapi medis tanpa prosedur invasif — konsisten; biaya Rp4.100.000 dalam rentang; LOS 5 hari = median dx; obat (antibiotik + nebulizer) sesuai; tanpa kontradiksi.,0
KLM281,2026-06-07,RS_H,"D14 (dr. Nurul Aini, Sp.PD)",D14,P24 (Umi Rahayu),P24,4100000,4,rawat inap,"J18.9 - Pneumonia, organisme tidak spesifik",J18.9,—,—,M03 x 8 vial; M05 x 6 nebules,"Puskesmas Sanur Sehat, Denpasar · RJ-2026-460 · 2026-06-06","Demam dan batuk berdahak 4 hari, sesak napas saat beraktivitas.","Pneumonia komunitas; antibiotik intravena dan nebulizer. Perbaikan klinis bertahap, pulang setelah perbaikan radiologis.","Pelayanan baik, penjelasan dokter jelas dan mudah dipahami.",positif,0.82,0,low,0.13,auto_clear,none,,tidak ada sinyal dominan,T 0.05 · F 0.05 · S 0.03,NORMAL: pneumonia (J18.9) diterapi medis tanpa prosedur invasif — konsisten; biaya Rp4.100.000 dalam rentang; LOS 4 hari = median dx; obat (antibiotik + nebulizer) sesuai; tanpa kontradiksi.,0
KLM282,2026-06-10,RS_D,"D11 (dr. Kartika Sari, Sp.B)",D11,P07 (Gilang Saputra),P07,8800000,4,rawat inap,"K40.9 - Hernia inguinalis, tanpa obstruksi",K40.9,53.1 - Reparasi hernia inguinalis,53.1,M03 x 4 vial; M08 x 10 tablet,undefined · RJ-2026-428 · 2026-06-09,Benjolan di lipatan paha yang membesar saat berdiri dan mengangkat beban.,Reparasi hernia inguinalis dengan mesh. Perawatan post-operatif tanpa komplikasi.,"Pelayanan baik, penjelasan dokter jelas dan mudah dipahami.",positif,0.61,0,low,0.09,auto_clear,none,,tidak ada sinyal dominan,T 0.04 · F 0.04 · S 0.01,NORMAL: dx K40.9 ditindaki 53.1 — pasangan klinis standar; biaya Rp8.800.000 ≈ tarif paket (rasio 1.07); LOS 4 hari dalam rentang median; obat dispensed sesuai dx; narasi rekam medis konsisten dengan penagihan; tidak ada kontradiksi.,0
KLM283,2026-06-10,RS_B,"D07 (dr. Gunawan Halim, Sp.B)",D07,P14 (Odi Setiawan),P14,7900000,2,rawat inap,"K40.9 - Hernia inguinalis, tanpa obstruksi",K40.9,53.1 - Reparasi hernia inguinalis,53.1,M03 x 4 vial; M08 x 10 tablet,undefined · RJ-2026-438 · 2026-06-09,Benjolan di lipatan paha yang membesar saat berdiri dan mengangkat beban.,Reparasi hernia inguinalis dengan mesh. Perawatan post-operatif tanpa komplikasi.,"Pelayanan cepat, dokter dan perawat sangat ramah.",positif,0.71,0,low,0.09,auto_clear,none,,tidak ada sinyal dominan,T 0.03 · F 0.05 · S 0.01,NORMAL: dx K40.9 ditindaki 53.1 — pasangan klinis standar; biaya Rp7.900.000 ≈ tarif paket (rasio 0.96); LOS 2 hari dalam rentang median; obat dispensed sesuai dx; narasi rekam medis konsisten dengan penagihan; tidak ada kontradiksi.,0
KLM284,2026-06-11,RS_G,"D16 (dr. Prasetyo Utomo, ",D16,P22 (Sri Wahyuni),P22,1250000,0,rawat jalan,"E11.9 - Diabetes melitus tipe 2, tanpa komplikasi",E11.9,—,—,M01 x 60 tablet; M02 x 14 tablet,kunjungan langsung (tanpa rujukan),Kontrol rutin diabetes; sesekali sering haus dan kesemutan.,"Kontrol DM tipe 2; HbA1c 7,1 persen. Terapi metformin dilanjutkan, edukasi diet dan aktivitas fisik diberikan.","Pelayanan cepat, dokter dan perawat sangat ramah.",positif,0.85,0,low,0.07,auto_clear,none,,tidak ada sinyal dominan,T 0.04 · F 0.02 · S 0.01,NORMAL: dx E11.9 ditangani konservatif tanpa prosedur (sesuai guideline); biaya rawat jalan Rp1.250.000 dalam rentang median; terapi obat sesuai standar; narasi rekam medis konsisten dengan penagihan; tidak ada kontradiksi narasi.,0
KLM285,2026-06-12,RS_G,"D13 (dr. Mulyadi Santoso, Sp.B)",D13,P21 (Rahmat Fauzi),P21,15000000,4,rawat inap,"K80.2 - Kolelitiasis, tanpa kolesistitis",K80.2,51.23 - Kolesistektomi laparoskopik,51.23,M03 x 6 vial; M04 x 7 vial,"Puskesmas Tlogo Sehat, Semarang · RJ-2026-454 · 2026-06-11","Nyeri perut kanan atas berulang, terasa setelah makan berlemak.","Kolelitiasis; dilakukan kolesistektomi laparoskopik. Toleransi oral baik, pasien pulang dengan kontrol poliklinik.",Antrean sangat lama dan tempat parkir sempit.,negatif,-0.31,0,low,0.1,auto_clear,none,,tidak ada sinyal dominan,T 0.03 · F 0.03 · S 0.04,NORMAL: dx K80.2 ditindaki 51.23 — pasangan klinis standar; biaya Rp15.000.000 ≈ tarif paket (rasio 1.03); LOS 4 hari dalam rentang median; obat dispensed sesuai dx; narasi rekam medis konsisten dengan penagihan; tidak ada kontradiksi.,0
KLM286,2026-06-13,RS_G,"D13 (dr. Mulyadi Santoso, Sp.B)",D13,P37 (Jefri Nainggolan),P37,6850000,3,rawat inap,K35.8 - Apendisitis akut,K35.8,47.09 - Apendektomi,47.09,M03 x 6 vial; M08 x 12 tablet,"Puskesmas Tlogo Sehat, Semarang · RJ-2026-498 · 2026-06-12","Nyeri perut kanan bawah sejak 2 hari, disertai mual dan demam.","Apendisitis akut; dilakukan apendektomi. Toleransi oral baik, luka operasi bersih, pasien pulang stabil.",Antrean sangat lama dan tempat parkir sempit.,negatif,-0.42,0,low,0.06,auto_clear,none,,tidak ada sinyal dominan,T 0.01 · F 0.03 · S 0.02,NORMAL: dx K35.8 ditindaki 47.09 — pasangan klinis standar; biaya Rp6.850.000 ≈ tarif paket (rasio 1.01); LOS 3 hari dalam rentang median; obat dispensed sesuai dx; narasi rekam medis konsisten dengan penagihan; tidak ada kontradiksi.,0
KLM287,2026-06-15,RS_H,"D14 (dr. Nurul Aini, Sp.PD)",D14,P24 (Umi Rahayu),P24,950000,0,rawat jalan,N39.0 - Infeksi saluran kemih,N39.0,—,—,M03 x 3 vial; M08 x 10 tablet,kunjungan langsung (tanpa rujukan),Sakit saat berkemih dan sering ingin buang air kecil.,Infeksi saluran kemih; antibiotik dan anjuran minum banyak. Perbaikan gejala dalam 3 hari.,"Saya pulang dengan kondisi membaik, terima kasih atas perawatannya.",positif,0.74,0,low,0.1,auto_clear,none,,tidak ada sinyal dominan,T 0.05 · F 0.02 · S 0.03,NORMAL: dx N39.0 ditangani konservatif tanpa prosedur (sesuai guideline); biaya rawat jalan Rp950.000 dalam rentang median; terapi obat sesuai standar; narasi rekam medis konsisten dengan penagihan; tidak ada kontradiksi narasi.,0
KLM288,2026-06-18,RS_I,"D15 (dr. Oskar Lingga, Sp.PD)",D15,P31 (Dedi Kurniawan),P31,1050000,0,rawat jalan,N39.0 - Infeksi saluran kemih,N39.0,—,—,M03 x 3 vial; M08 x 10 tablet,kunjungan langsung (tanpa rujukan),Sakit saat berkemih dan sering ingin buang air kecil.,Infeksi saluran kemih; antibiotik dan anjuran minum banyak. Perbaikan gejala dalam 3 hari.,"Cukup membantu, tapi proses administrasi bertele-tele.",netral,0.14,0,low,0.09,auto_clear,none,,tidak ada sinyal dominan,T 0.04 · F 0.03 · S 0.02,NORMAL: dx N39.0 ditangani konservatif tanpa prosedur (sesuai guideline); biaya rawat jalan Rp1.050.000 dalam rentang median; terapi obat sesuai standar; narasi rekam medis konsisten dengan penagihan; tidak ada kontradiksi narasi.,0
KLM289,2026-06-19,RS_A,"D03 (dr. Citra Ayuningtyas, Sp.PD)",D03,P02 (Bunga Lestari),P02,1000000,0,rawat jalan,I10 - Hipertensi esensial,I10,—,—,M02 x 30 tablet,kunjungan langsung (tanpa rujukan),Kontrol rutin tekanan darah tinggi.,"Kontrol hipertensi; tekanan darah 138/84 mmHg. Terapi amlodipin dilanjutkan, edukasi garam diberikan.",Proses administrasi mudah dan ruangan bersih.,positif,0.63,0,low,0.1,auto_clear,none,,tidak ada sinyal dominan,T 0.04 · F 0.02 · S 0.04,NORMAL: dx I10 ditangani konservatif tanpa prosedur (sesuai guideline); biaya rawat jalan Rp1.000.000 dalam rentang median; terapi obat sesuai standar; narasi rekam medis konsisten dengan penagihan; tidak ada kontradiksi narasi.,0
KLM290,2026-06-20,RS_I,"D15 (dr. Oskar Lingga, Sp.PD)",D15,P26 (Yulia Ningsih),P26,1200000,0,rawat jalan,"E11.9 - Diabetes melitus tipe 2, tanpa komplikasi",E11.9,—,—,M01 x 60 tablet; M02 x 14 tablet,kunjungan langsung (tanpa rujukan),Kontrol rutin diabetes; sesekali sering haus dan kesemutan.,"Kontrol DM tipe 2; HbA1c 7,1 persen. Terapi metformin dilanjutkan, edukasi diet dan aktivitas fisik diberikan.","Saya pulang dengan kondisi membaik, terima kasih atas perawatannya.",positif,0.76,0,low,0.1,auto_clear,none,,tidak ada sinyal dominan,T 0.04 · F 0.05 · S 0.01,NORMAL: dx E11.9 ditangani konservatif tanpa prosedur (sesuai guideline); biaya rawat jalan Rp1.200.000 dalam rentang median; terapi obat sesuai standar; narasi rekam medis konsisten dengan penagihan; tidak ada kontradiksi narasi.,0
KLM291,2026-06-20,RS_H,"D14 (dr. Nurul Aini, Sp.PD)",D14,P38 (Kirana Maheswari),P38,900000,0,rawat jalan,I10 - Hipertensi esensial,I10,—,—,M02 x 30 tablet,kunjungan langsung (tanpa rujukan),Kontrol rutin tekanan darah tinggi.,"Kontrol hipertensi; tekanan darah 138/84 mmHg. Terapi amlodipin dilanjutkan, edukasi garam diberikan.",Antrean sangat lama dan tempat parkir sempit.,negatif,-0.33,0,low,0.12,auto_clear,none,,tidak ada sinyal dominan,T 0.05 · F 0.04 · S 0.03,NORMAL: dx I10 ditangani konservatif tanpa prosedur (sesuai guideline); biaya rawat jalan Rp900.000 dalam rentang median; terapi obat sesuai standar; narasi rekam medis konsisten dengan penagihan; tidak ada kontradiksi narasi.,0
KLM292,2026-06-21,RS_I,"D15 (dr. Oskar Lingga, Sp.PD)",D15,P25 (Wawan Setiawan),P25,1050000,0,rawat jalan,"E11.9 - Diabetes melitus tipe 2, tanpa komplikasi",E11.9,—,—,M01 x 60 tablet; M02 x 14 tablet,kunjungan langsung (tanpa rujukan),Kontrol rutin diabetes; sesekali sering haus dan kesemutan.,"Kontrol DM tipe 2; HbA1c 7,1 persen. Terapi metformin dilanjutkan, edukasi diet dan aktivitas fisik diberikan.","Lumayan, walaupun antrean cukup panjang.",netral,0.09,0,low,0.08,auto_clear,none,,tidak ada sinyal dominan,T 0.02 · F 0.05 · S 0.01,NORMAL: dx E11.9 ditangani konservatif tanpa prosedur (sesuai guideline); biaya rawat jalan Rp1.050.000 dalam rentang median; terapi obat sesuai standar; narasi rekam medis konsisten dengan penagihan; tidak ada kontradiksi narasi.,0
KLM293,2026-06-23,RS_I,"D15 (dr. Oskar Lingga, Sp.PD)",D15,P39 (Lukman Hakim),P39,1050000,0,rawat jalan,"E11.9 - Diabetes melitus tipe 2, tanpa komplikasi",E11.9,—,—,M01 x 60 tablet; M02 x 14 tablet,kunjungan langsung (tanpa rujukan),Kontrol rutin diabetes; sesekali sering haus dan kesemutan.,"Kontrol DM tipe 2; HbA1c 7,1 persen. Terapi metformin dilanjutkan, edukasi diet dan aktivitas fisik diberikan.","Pelayanan cepat, dokter dan perawat sangat ramah.",positif,0.73,0,low,0.1,auto_clear,none,,tidak ada sinyal dominan,T 0.04 · F 0.04 · S 0.02,NORMAL: dx E11.9 ditangani konservatif tanpa prosedur (sesuai guideline); biaya rawat jalan Rp1.050.000 dalam rentang median; terapi obat sesuai standar; narasi rekam medis konsisten dengan penagihan; tidak ada kontradiksi narasi.,0
KLM294,2026-06-24,RS_A,"D03 (dr. Citra Ayuningtyas, Sp.PD)",D03,P04 (Dewi Anggraeni),P04,1100000,0,rawat jalan,"E11.9 - Diabetes melitus tipe 2, tanpa komplikasi",E11.9,—,—,M01 x 60 tablet; M02 x 14 tablet,kunjungan langsung (tanpa rujukan),Kontrol rutin diabetes; sesekali sering haus dan kesemutan.,"Kontrol DM tipe 2; HbA1c 7,1 persen. Terapi metformin dilanjutkan, edukasi diet dan aktivitas fisik diberikan.",Proses administrasi mudah dan ruangan bersih.,positif,0.84,0,low,0.08,auto_clear,none,,tidak ada sinyal dominan,T 0.04 · F 0.03 · S 0.01,NORMAL: dx E11.9 ditangani konservatif tanpa prosedur (sesuai guideline); biaya rawat jalan Rp1.100.000 dalam rentang median; terapi obat sesuai standar; narasi rekam medis konsisten dengan penagihan; tidak ada kontradiksi narasi.,0
KLM295,2026-06-24,RS_B,"D07 (dr. Gunawan Halim, Sp.B)",D07,P13 (Nadia Rahmawati),P13,8200000,4,rawat inap,"K40.9 - Hernia inguinalis, tanpa obstruksi",K40.9,53.1 - Reparasi hernia inguinalis,53.1,M03 x 4 vial; M08 x 10 tablet,undefined · RJ-2026-437 · 2026-06-23,Benjolan di lipatan paha yang membesar saat berdiri dan mengangkat beban.,Reparasi hernia inguinalis dengan mesh. Perawatan post-operatif tanpa komplikasi.,"Lumayan, walaupun antrean cukup panjang.",netral,0.11,0,low,0.09,auto_clear,none,,tidak ada sinyal dominan,T 0.03 · F 0.04 · S 0.02,NORMAL: dx K40.9 ditindaki 53.1 — pasangan klinis standar; biaya Rp8.200.000 ≈ tarif paket (rasio 1.00); LOS 4 hari dalam rentang median; obat dispensed sesuai dx; narasi rekam medis konsisten dengan penagihan; tidak ada kontradiksi.,0
KLM296,2026-06-25,RS_H,"D14 (dr. Nurul Aini, Sp.PD)",D14,P30 (Citra Ayu Lestari),P30,4550000,5,rawat inap,"J18.9 - Pneumonia, organisme tidak spesifik",J18.9,—,—,M03 x 8 vial; M05 x 6 nebules,"Puskesmas Sanur Sehat, Denpasar · RJ-2026-477 · 2026-06-24","Demam dan batuk berdahak 4 hari, sesak napas saat beraktivitas.","Pneumonia komunitas; antibiotik intravena dan nebulizer. Perbaikan klinis bertahap, pulang setelah perbaikan radiologis.","Cukup membantu, tapi proses administrasi bertele-tele.",netral,0.11,0,low,0.1,auto_clear,none,,tidak ada sinyal dominan,T 0.05 · F 0.02 · S 0.03,NORMAL: pneumonia (J18.9) diterapi medis tanpa prosedur invasif — konsisten; biaya Rp4.550.000 dalam rentang; LOS 5 hari = median dx; obat (antibiotik + nebulizer) sesuai; tanpa kontradiksi.,0
KLM297,2026-06-26,RS_C,"D05 (dr. Endra Kusuma, Sp.OT)",D05,P09 (Idrus Hakim),P09,8800000,2,rawat inap,"K40.9 - Hernia inguinalis, tanpa obstruksi",K40.9,53.1 - Reparasi hernia inguinalis,53.1,M03 x 4 vial; M08 x 10 tablet,undefined · RJ-2026-431 · 2026-06-25,Benjolan di lipatan paha yang membesar saat berdiri dan mengangkat beban.,Reparasi hernia inguinalis dengan mesh. Perawatan post-operatif tanpa komplikasi.,"Nyaman dirawat di sini, fasilitas lengkap.",positif,0.66,0,low,0.08,auto_clear,none,,tidak ada sinyal dominan,T 0.01 · F 0.04 · S 0.03,NORMAL: dx K40.9 ditindaki 53.1 — pasangan klinis standar; biaya Rp8.800.000 ≈ tarif paket (rasio 1.07); LOS 2 hari dalam rentang median; obat dispensed sesuai dx; narasi rekam medis konsisten dengan penagihan; tidak ada kontradiksi.,0
KLM298,2026-06-26,RS_D,"D11 (dr. Kartika Sari, Sp.B)",D11,P11 (Lukman Sutrisno),P11,6500000,4,rawat inap,K35.8 - Apendisitis akut,K35.8,47.09 - Apendektomi,47.09,M03 x 6 vial; M08 x 12 tablet,undefined · RJ-2026-435 · 2026-06-25,"Nyeri perut kanan bawah sejak 2 hari, disertai mual dan demam.","Apendisitis akut; dilakukan apendektomi. Toleransi oral baik, luka operasi bersih, pasien pulang stabil.","Pelayanan baik, penjelasan dokter jelas dan mudah dipahami.",positif,0.79,0,low,0.08,auto_clear,none,,tidak ada sinyal dominan,T 0.01 · F 0.03 · S 0.04,NORMAL: dx K35.8 ditindaki 47.09 — pasangan klinis standar; biaya Rp6.500.000 ≈ tarif paket (rasio 0.96); LOS 4 hari dalam rentang median; obat dispensed sesuai dx; narasi rekam medis konsisten dengan penagihan; tidak ada kontradiksi.,0
KLM299,2026-06-27,RS_B,"D06 (dr. Fitri Handayani, Sp.A)",D06,P12 (Maya Sari),P12,1100000,0,rawat jalan,N39.0 - Infeksi saluran kemih,N39.0,—,—,M03 x 3 vial; M08 x 10 tablet,kunjungan langsung (tanpa rujukan),Sakit saat berkemih dan sering ingin buang air kecil.,Infeksi saluran kemih; antibiotik dan anjuran minum banyak. Perbaikan gejala dalam 3 hari.,"Pelayanan cepat, dokter dan perawat sangat ramah.",positif,0.62,0,low,0.08,auto_clear,none,,tidak ada sinyal dominan,T 0.04 · F 0.01 · S 0.03,NORMAL: dx N39.0 ditangani konservatif tanpa prosedur (sesuai guideline); biaya rawat jalan Rp1.100.000 dalam rentang median; terapi obat sesuai standar; narasi rekam medis konsisten dengan penagihan; tidak ada kontradiksi narasi.,0
KLM300,2026-06-27,RS_J,"D19 (dr. Sinta Bella, Sp.P)",D19,P36 (Ifa Hidayati),P36,1150000,0,rawat jalan,"J45.9 - Asma, tidak spesifik",J45.9,—,—,M05 x 6 nebules; M08 x 10 tablet,kunjungan langsung (tanpa rujukan),"Sesak napas berulang, batuk malam hari.",Asma stabil; diberikan nebulizer dan edukasi teknik inhaler. Kontrol berkala berikutnya.,"Cukup membantu, tapi proses administrasi bertele-tele.",netral,0.12,0,low,0.07,auto_clear,none,,tidak ada sinyal dominan,T 0.03 · F 0.02 · S 0.02,NORMAL: dx J45.9 ditangani konservatif tanpa prosedur (sesuai guideline); biaya rawat jalan Rp1.150.000 dalam rentang median; terapi obat sesuai standar; narasi rekam medis konsisten dengan penagihan; tidak ada kontradiksi narasi.,0
